<?xml version = '1.0' encoding = 'UTF-8'?>
<Relation class="oracle.dbtools.crest.model.design.logical.Relation" name="paciente_ficha" directorySegmentName="seg_0" id="079F16E5-3A25-4880-9332-FB6D7B4DCC85">
<createdBy>fifam</createdBy>
<createdTime>2025-09-12 01:28:38 UTC</createdTime>
<ownerDesignName>centromedico</ownerDesignName>
<engineerTo>
<item key="B8600317-DE96-CC5B-78D6-64A8DFBFDCBA" value="true"/>
</engineerTo>
<sourcePk>1E03065F-2EC0-BEDC-BC8F-7B871121AE70</sourcePk>
<identifying>false</identifying>
<optionalSource>false</optionalSource>
<optionalTarget>false</optionalTarget>
<sourceCardinality>1</sourceCardinality>
<sourceEntity>AA446617-C093-D0C2-C1AD-A0EB5AAD991B</sourceEntity>
<targetCardinalityString>*</targetCardinalityString>
<targetEntity>1062751B-CAA4-0AD9-F13B-45AC7A5169F1</targetEntity>
<transferable>true</transferable>
<deleteRule>NO ACTION</deleteRule>
</Relation>