<?xml version = '1.0' encoding = 'UTF-8'?>
<Relation class="oracle.dbtools.crest.model.design.logical.Relation" name="medico_fichas" directorySegmentName="seg_0" id="0E02017A-525B-FBA5-534F-F3269CF1DA45">
<createdBy>fifam</createdBy>
<createdTime>2025-09-12 01:30:54 UTC</createdTime>
<ownerDesignName>centromedico</ownerDesignName>
<engineerTo>
<item key="B8600317-DE96-CC5B-78D6-64A8DFBFDCBA" value="true"/>
</engineerTo>
<sourcePk>7AE5E89F-0C30-228F-F244-FC519AFA4425</sourcePk>
<identifying>false</identifying>
<optionalSource>true</optionalSource>
<optionalTarget>false</optionalTarget>
<sourceCardinality>1</sourceCardinality>
<sourceEntity>0A1FC3B6-E150-4803-A468-CDB6798827CA</sourceEntity>
<targetCardinalityString>*</targetCardinalityString>
<targetEntity>1062751B-CAA4-0AD9-F13B-45AC7A5169F1</targetEntity>
<transferable>true</transferable>
<deleteRule>NO ACTION</deleteRule>
</Relation>