<?xml version = '1.0' encoding = 'UTF-8'?>
<Relation class="oracle.dbtools.crest.model.design.logical.Relation" name="genero_paciente" directorySegmentName="seg_0" id="1D0215BB-F4E3-4484-3BC5-0DF741DF6F5B">
<createdBy>fifam</createdBy>
<createdTime>2025-09-12 01:25:30 UTC</createdTime>
<ownerDesignName>centromedico</ownerDesignName>
<engineerTo>
<item key="B8600317-DE96-CC5B-78D6-64A8DFBFDCBA" value="true"/>
</engineerTo>
<sourcePk>2CC51E35-40C5-8EEA-05E5-B22AF235055E</sourcePk>
<identifying>false</identifying>
<optionalSource>true</optionalSource>
<optionalTarget>false</optionalTarget>
<sourceCardinality>1</sourceCardinality>
<sourceEntity>05FDA322-D986-9B69-8EDD-3D4CB2CB79C5</sourceEntity>
<targetCardinalityString>*</targetCardinalityString>
<targetEntity>AA446617-C093-D0C2-C1AD-A0EB5AAD991B</targetEntity>
<transferable>true</transferable>
<deleteRule>NO ACTION</deleteRule>
</Relation>