<?xml version = '1.0' encoding = 'UTF-8'?>
<Relation class="oracle.dbtools.crest.model.design.logical.Relation" name="direccion_paciente" directorySegmentName="seg_0" id="517A2F1B-6638-8288-3AC8-CCFEC8D96197">
<createdBy>fifam</createdBy>
<createdTime>2025-09-12 01:15:05 UTC</createdTime>
<ownerDesignName>centromedico</ownerDesignName>
<engineerTo>
<item key="B8600317-DE96-CC5B-78D6-64A8DFBFDCBA" value="true"/>
</engineerTo>
<sourcePk>D14CFFC4-A0C8-C706-217A-612CC3A24190</sourcePk>
<targetPk>1E03065F-2EC0-BEDC-BC8F-7B871121AE70</targetPk>
<identifying>false</identifying>
<optionalSource>false</optionalSource>
<optionalTarget>false</optionalTarget>
<sourceCardinality>1</sourceCardinality>
<sourceEntity>4B4DE3B4-54BE-2A8D-BCF9-4BA905201915</sourceEntity>
<targetCardinalityString>1</targetCardinalityString>
<targetEntity>AA446617-C093-D0C2-C1AD-A0EB5AAD991B</targetEntity>
<transferable>true</transferable>
<deleteRule>NO ACTION</deleteRule>
</Relation>