<?xml version = '1.0' encoding = 'UTF-8'?>
<Relation class="oracle.dbtools.crest.model.design.logical.Relation" name="comuna_direccion" directorySegmentName="seg_0" id="5958A6F4-9093-8A7B-953B-172D36E89B0D">
<createdBy>fifam</createdBy>
<createdTime>2025-09-12 01:14:27 UTC</createdTime>
<ownerDesignName>centromedico</ownerDesignName>
<engineerTo>
<item key="B8600317-DE96-CC5B-78D6-64A8DFBFDCBA" value="true"/>
</engineerTo>
<sourcePk>AA52D094-824F-2614-B7C5-6F233F9A3314</sourcePk>
<identifying>false</identifying>
<optionalSource>false</optionalSource>
<optionalTarget>false</optionalTarget>
<sourceCardinality>1</sourceCardinality>
<sourceEntity>802EBFB0-92F1-ADB6-6317-CA5E6974152B</sourceEntity>
<targetCardinalityString>*</targetCardinalityString>
<targetEntity>4B4DE3B4-54BE-2A8D-BCF9-4BA905201915</targetEntity>
<transferable>true</transferable>
<deleteRule>NO ACTION</deleteRule>
</Relation>