<?xml version = '1.0' encoding = 'UTF-8'?>
<Relation class="oracle.dbtools.crest.model.design.logical.Relation" name="especialidad_medico" directorySegmentName="seg_0" id="62EFB0CF-0F40-2E76-34AE-12E6E34BB61C">
<createdBy>fifam</createdBy>
<createdTime>2025-09-12 13:58:44 UTC</createdTime>
<ownerDesignName>centromedico</ownerDesignName>
<engineerTo>
<item key="B8600317-DE96-CC5B-78D6-64A8DFBFDCBA" value="true"/>
</engineerTo>
<sourcePk>06716C91-283A-9288-51E5-CF99C51A618A</sourcePk>
<identifying>false</identifying>
<optionalSource>false</optionalSource>
<optionalTarget>false</optionalTarget>
<sourceCardinality>1</sourceCardinality>
<sourceEntity>9AB1601D-E127-9613-240B-F3F2072BAF3A</sourceEntity>
<targetCardinalityString>*</targetCardinalityString>
<targetEntity>0A1FC3B6-E150-4803-A468-CDB6798827CA</targetEntity>
<transferable>true</transferable>
<deleteRule>NO ACTION</deleteRule>
</Relation>