<?xml version = '1.0' encoding = 'UTF-8'?>
<Relation class="oracle.dbtools.crest.model.design.logical.Relation" name="medico_medico" directorySegmentName="seg_0" id="813BCF97-D9F0-3FDE-9ABE-6F19CE38B20A">
<createdBy>fifam</createdBy>
<createdTime>2025-09-12 00:51:56 UTC</createdTime>
<ownerDesignName>centromedico</ownerDesignName>
<engineerTo>
<item key="B8600317-DE96-CC5B-78D6-64A8DFBFDCBA" value="true"/>
</engineerTo>
<targetPk>7AE5E89F-0C30-228F-F244-FC519AFA4425</targetPk>
<identifying>false</identifying>
<optionalSource>true</optionalSource>
<optionalTarget>false</optionalTarget>
<sourceCardinality>1</sourceCardinality>
<sourceEntity>0A1FC3B6-E150-4803-A468-CDB6798827CA</sourceEntity>
<targetCardinalityString>*</targetCardinalityString>
<targetEntity>0A1FC3B6-E150-4803-A468-CDB6798827CA</targetEntity>
<transferable>true</transferable>
<deleteRule>NO ACTION</deleteRule>
</Relation>