<?xml version = '1.0' encoding = 'UTF-8'?>
<Relation class="oracle.dbtools.crest.model.design.logical.Relation" name="istitucionsalud_medico" directorySegmentName="seg_0" id="A5FBC82D-148A-9381-A4D4-AD616EFEF7F7">
<createdBy>fifam</createdBy>
<createdTime>2025-09-12 14:06:06 UTC</createdTime>
<ownerDesignName>centromedico</ownerDesignName>
<engineerTo>
<item key="B8600317-DE96-CC5B-78D6-64A8DFBFDCBA" value="true"/>
</engineerTo>
<sourcePk>9D638C12-6178-FF99-EE52-89A48C63DF82</sourcePk>
<identifying>false</identifying>
<optionalSource>true</optionalSource>
<optionalTarget>false</optionalTarget>
<sourceCardinality>1</sourceCardinality>
<sourceEntity>68EEF167-1F9F-5E57-FE69-BE0903F795B8</sourceEntity>
<targetCardinalityString>*</targetCardinalityString>
<targetEntity>0A1FC3B6-E150-4803-A468-CDB6798827CA</targetEntity>
<transferable>true</transferable>
<deleteRule>NO ACTION</deleteRule>
</Relation>