<?xml version = '1.0' encoding = 'UTF-8'?>
<Relation class="oracle.dbtools.crest.model.design.logical.Relation" name="ficha_solicitud" directorySegmentName="seg_0" id="A6FF7A63-41A1-AD8C-B423-AF7D6E23A85C">
<createdBy>fifam</createdBy>
<createdTime>2025-09-12 01:39:12 UTC</createdTime>
<ownerDesignName>centromedico</ownerDesignName>
<engineerTo>
<item key="B8600317-DE96-CC5B-78D6-64A8DFBFDCBA" value="true"/>
</engineerTo>
<sourcePk>ED2CCEA5-E7CF-353B-4E8C-FD1B94AD4E03</sourcePk>
<identifying>false</identifying>
<optionalSource>true</optionalSource>
<optionalTarget>false</optionalTarget>
<sourceCardinality>1</sourceCardinality>
<sourceEntity>1062751B-CAA4-0AD9-F13B-45AC7A5169F1</sourceEntity>
<targetCardinalityString>*</targetCardinalityString>
<targetEntity>E71A36E9-0913-BF07-FD81-FEF12DCCDFB2</targetEntity>
<transferable>true</transferable>
<deleteRule>NO ACTION</deleteRule>
</Relation>