<?xml version = '1.0' encoding = 'UTF-8'?>
<Relation class="oracle.dbtools.crest.model.design.logical.Relation" name="medico_solicitud" directorySegmentName="seg_0" id="ACC6F161-836A-B688-6EEC-7CD6C92FD2C6">
<createdBy>fifam</createdBy>
<createdTime>2025-09-12 01:44:23 UTC</createdTime>
<ownerDesignName>centromedico</ownerDesignName>
<engineerTo>
<item key="B8600317-DE96-CC5B-78D6-64A8DFBFDCBA" value="true"/>
</engineerTo>
<sourcePk>7AE5E89F-0C30-228F-F244-FC519AFA4425</sourcePk>
<identifying>false</identifying>
<optionalSource>true</optionalSource>
<optionalTarget>false</optionalTarget>
<sourceCardinality>1</sourceCardinality>
<sourceEntity>0A1FC3B6-E150-4803-A468-CDB6798827CA</sourceEntity>
<targetCardinalityString>*</targetCardinalityString>
<targetEntity>E71A36E9-0913-BF07-FD81-FEF12DCCDFB2</targetEntity>
<transferable>true</transferable>
<deleteRule>NO ACTION</deleteRule>
</Relation>