<?xml version = '1.0' encoding = 'UTF-8'?>
<Relation class="oracle.dbtools.crest.model.design.logical.Relation" name="solicitud_laboratorio" directorySegmentName="seg_0" id="ADFF30EC-A9FE-254A-D8B2-1C2296294128">
<createdBy>fifam</createdBy>
<createdTime>2025-09-12 01:40:45 UTC</createdTime>
<ownerDesignName>centromedico</ownerDesignName>
<engineerTo>
<item key="B8600317-DE96-CC5B-78D6-64A8DFBFDCBA" value="true"/>
</engineerTo>
<sourcePk>C7F8130B-E4A6-71E6-11A0-C097198DD5FD</sourcePk>
<identifying>false</identifying>
<optionalSource>true</optionalSource>
<optionalTarget>false</optionalTarget>
<sourceCardinality>1</sourceCardinality>
<sourceEntity>E71A36E9-0913-BF07-FD81-FEF12DCCDFB2</sourceEntity>
<targetCardinalityString>*</targetCardinalityString>
<targetEntity>45179FAC-28A3-A9E3-5291-82925B13DAA6</targetEntity>
<transferable>true</transferable>
<deleteRule>NO ACTION</deleteRule>
</Relation>