<?xml version = '1.0' encoding = 'UTF-8'?>
<Relation class="oracle.dbtools.crest.model.design.logical.Relation" name="afp_medico" directorySegmentName="seg_0" id="BEBD2FCA-16F7-690A-D1C9-78EF4ABAAA3A">
<createdBy>fifam</createdBy>
<createdTime>2025-09-12 14:00:53 UTC</createdTime>
<ownerDesignName>centromedico</ownerDesignName>
<engineerTo>
<item key="B8600317-DE96-CC5B-78D6-64A8DFBFDCBA" value="true"/>
</engineerTo>
<sourcePk>0134ECAE-B847-AFBD-2669-420F5E3622EB</sourcePk>
<identifying>false</identifying>
<optionalSource>true</optionalSource>
<optionalTarget>false</optionalTarget>
<sourceCardinality>1</sourceCardinality>
<sourceEntity>27DAFD7F-BCA5-0AFC-6506-D26A57DFCB55</sourceEntity>
<targetCardinalityString>*</targetCardinalityString>
<targetEntity>0A1FC3B6-E150-4803-A468-CDB6798827CA</targetEntity>
<transferable>true</transferable>
<deleteRule>NO ACTION</deleteRule>
</Relation>