<?xml version = '1.0' encoding = 'UTF-8'?>
<Relation class="oracle.dbtools.crest.model.design.logical.Relation" name="ficha_pago" directorySegmentName="seg_0" id="D6647B3F-43DE-EFC2-9C3A-33BA8777B5E0">
<createdBy>fifam</createdBy>
<createdTime>2025-09-12 14:11:05 UTC</createdTime>
<ownerDesignName>centromedico</ownerDesignName>
<engineerTo>
<item key="B8600317-DE96-CC5B-78D6-64A8DFBFDCBA" value="true"/>
</engineerTo>
<sourcePk>ED2CCEA5-E7CF-353B-4E8C-FD1B94AD4E03</sourcePk>
<targetPk>824D2601-3E44-21F6-E608-5BDD0EFCF1B5</targetPk>
<identifying>false</identifying>
<optionalSource>false</optionalSource>
<optionalTarget>false</optionalTarget>
<sourceCardinality>1</sourceCardinality>
<sourceEntity>1062751B-CAA4-0AD9-F13B-45AC7A5169F1</sourceEntity>
<targetCardinalityString>1</targetCardinalityString>
<targetEntity>7F3BE6F2-1BDD-BCAD-EE3B-750067115CAA</targetEntity>
<transferable>true</transferable>
<deleteRule>NO ACTION</deleteRule>
</Relation>