<?xml version = '1.0' encoding = 'UTF-8'?>
<Relation class="oracle.dbtools.crest.model.design.logical.Relation" name="region_comuna" directorySegmentName="seg_0" id="F680AAFA-5663-12B4-0770-7D6D0AA43571">
<createdBy>fifam</createdBy>
<createdTime>2025-09-12 01:07:42 UTC</createdTime>
<ownerDesignName>centromedico</ownerDesignName>
<engineerTo>
<item key="B8600317-DE96-CC5B-78D6-64A8DFBFDCBA" value="true"/>
</engineerTo>
<sourcePk>2913E9C8-AAD3-5332-FA17-487984419791</sourcePk>
<identifying>false</identifying>
<optionalSource>false</optionalSource>
<optionalTarget>false</optionalTarget>
<sourceCardinality>1</sourceCardinality>
<sourceEntity>EA5AEE0B-466D-984E-4693-A2C0FEB5BDF0</sourceEntity>
<targetCardinalityString>*</targetCardinalityString>
<targetEntity>802EBFB0-92F1-ADB6-6317-CA5E6974152B</targetEntity>
<transferable>true</transferable>
<deleteRule>NO ACTION</deleteRule>
</Relation>