<?xml version = '1.0' encoding = 'UTF-8'?>
<Diagram class="oracle.dbtools.crest.swingui.logical.DPVLogical" name="Logical" id="FAD4027A-AD37-FED7-C4EB-845EB5707AB9">
<createdBy>fifam</createdBy>
<modifiedBy>fifam</modifiedBy>
<createdTime>2025-08-28 16:52:23 UTC</createdTime>
<autoRoute>false</autoRoute>
<boxInbox>true</boxInbox>
<showLegend>false</showLegend>
<showLabels>false</showLabels>
<showRelAttributes>false</showRelAttributes>
<gridEnabled>false</gridEnabled>
<showGrid>false</showGrid>
<diagramColor>-1</diagramColor>
<display>false</display>
<notation>1</notation>
<objectViews>
<OView class="oracle.dbtools.crest.swingui.logical.TVEntity" oid="17624080-EDCD-6F11-1F9D-74E278F5692C" otype="Entity" vid="D1E0EE68-8D32-633A-3B24-1E225098880D">
<hideElementsInCurrentOnly>false</hideElementsInCurrentOnly>
<bounds x="144" y="69" width="143" height="48"/>
</OView>
<OView class="oracle.dbtools.crest.swingui.logical.TVEntity" oid="2C23A6B6-1FBC-A2BB-868D-41E6BDBE1144" otype="Entity" vid="74BFD4F9-E42B-7E64-CD02-FCA0783621D6">
<hideElementsInCurrentOnly>false</hideElementsInCurrentOnly>
<bounds x="503" y="227" width="167" height="90"/>
</OView>
<OView class="oracle.dbtools.crest.swingui.logical.TVEntity" oid="48D928C9-B628-48C2-7E2E-FB23DD4A5678" otype="Entity" vid="955C3B02-C3D2-892C-7BFF-DF01E4D8A517">
<hideElementsInCurrentOnly>false</hideElementsInCurrentOnly>
<bounds x="26" y="223" width="104" height="45"/>
</OView>
<OView class="oracle.dbtools.crest.swingui.logical.TVEntity" oid="66865ACE-C7D6-7D5D-94DD-A09EC6B419A5" otype="Entity" vid="F298CA81-11B0-98F9-EB8F-EE89DF003E6B">
<hideElementsInCurrentOnly>false</hideElementsInCurrentOnly>
<bounds x="9" y="3" width="444" height="395"/>
</OView>
<OView class="oracle.dbtools.crest.swingui.logical.TVEntity" oid="7909F284-F289-77E8-4E60-199A7A9D31F9" otype="Entity" vid="D002A414-1302-AEE7-7BE0-83684CC9C4FD">
<hideElementsInCurrentOnly>false</hideElementsInCurrentOnly>
<bounds x="779" y="329" width="170" height="85"/>
</OView>
<OView class="oracle.dbtools.crest.swingui.logical.TVEntity" oid="7B7E205A-7654-E61F-5635-5743A5EDF047" otype="Entity" vid="72BBCB94-E8A0-9B28-AB41-6C195D82BB2D">
<hideElementsInCurrentOnly>false</hideElementsInCurrentOnly>
<bounds x="169" y="320" width="147" height="60"/>
</OView>
<OView class="oracle.dbtools.crest.swingui.logical.TVEntity" oid="7D58B2E2-C9C0-181A-E674-3348804DE232" otype="Entity" vid="8F4E4A6F-A19C-8070-6155-8DDE588F4A09">
<hideElementsInCurrentOnly>false</hideElementsInCurrentOnly>
<bounds x="767" y="136" width="234" height="103"/>
</OView>
<OView class="oracle.dbtools.crest.swingui.logical.TVEntity" oid="80D9251B-558A-2D4A-8B06-9FA9C65022CD" otype="Entity" vid="39145011-0EFF-09FC-8287-EFCDB28C6284">
<hideElementsInCurrentOnly>false</hideElementsInCurrentOnly>
<bounds x="516" y="10" width="181" height="102"/>
</OView>
<OView class="oracle.dbtools.crest.swingui.logical.TVEntity" oid="8A4F361F-B235-BAF0-B561-204DAE973D03" otype="Entity" vid="5E92C1DC-241A-1E5A-69C5-FCEFA2F71713">
<hideElementsInCurrentOnly>false</hideElementsInCurrentOnly>
<bounds x="145" y="221" width="129" height="47"/>
</OView>
<OView class="oracle.dbtools.crest.swingui.logical.TVEntity" oid="A85D9F7D-95ED-F5D7-167E-FFF40F4A0F12" otype="Entity" vid="5CC396C9-B709-C410-E7A8-E3A8A4048CA9">
<hideElementsInCurrentOnly>false</hideElementsInCurrentOnly>
<bounds x="291" y="41" width="140" height="47"/>
</OView>
<OView class="oracle.dbtools.crest.swingui.logical.TVEntity" oid="ED92C34B-E4FC-0022-93B6-1CE43F205C9C" otype="Entity" vid="B7D05332-29E2-BDC3-30C2-6DC7475277B2">
<hideElementsInCurrentOnly>false</hideElementsInCurrentOnly>
<bounds x="16" y="177" width="268" height="107"/>
</OView>
<OView class="oracle.dbtools.crest.swingui.logical.TVEntity" oid="F465D2A8-E1ED-4A12-8653-ED9BA9F6101D" otype="Entity" vid="624178FE-5483-FDF6-6FFC-345A1C8BC7C6">
<hideElementsInCurrentOnly>false</hideElementsInCurrentOnly>
<bounds x="134" y="21" width="307" height="106"/>
</OView>
</objectViews>
<connectors>
<Connector class="oracle.dbtools.crest.swingui.logical.TVInheritanceRelation" oid="47019D51-F65D-31FF-3495-DC03F42D549D" otype="Hierarchy relation" vid_source="624178FE-5483-FDF6-6FFC-345A1C8BC7C6" vid_target="D1E0EE68-8D32-633A-3B24-1E225098880D">
<hideElementsInCurrentOnly>false</hideElementsInCurrentOnly>
<backgroundColor>-65536</backgroundColor>
<lineWidth>1</lineWidth>
</Connector>
<Connector class="oracle.dbtools.crest.swingui.logical.TVRelation" oid="47298C16-7D22-0813-5788-3F2F401B279C" otype="Relation" vid_source="72BBCB94-E8A0-9B28-AB41-6C195D82BB2D" vid_target="D002A414-1302-AEE7-7BE0-83684CC9C4FD">
<hideElementsInCurrentOnly>false</hideElementsInCurrentOnly>
<backgroundColor>-16777216</backgroundColor>
<lineWidth>1</lineWidth>
<points>
<point x="316" y="354"/>
<point x="779" y="354"/>
</points>
</Connector>
<Connector class="oracle.dbtools.crest.swingui.logical.TVInheritanceRelation" oid="484D418D-977A-05E6-C7C7-7344C02E26CB" otype="Hierarchy relation" vid_source="B7D05332-29E2-BDC3-30C2-6DC7475277B2" vid_target="955C3B02-C3D2-892C-7BFF-DF01E4D8A517">
<hideElementsInCurrentOnly>false</hideElementsInCurrentOnly>
<backgroundColor>-65536</backgroundColor>
<lineWidth>1</lineWidth>
</Connector>
<Connector class="oracle.dbtools.crest.swingui.logical.TVInheritanceRelation" oid="52645F29-38BA-84B8-6074-F59559B44136" otype="Hierarchy relation" vid_source="F298CA81-11B0-98F9-EB8F-EE89DF003E6B" vid_target="B7D05332-29E2-BDC3-30C2-6DC7475277B2">
<hideElementsInCurrentOnly>false</hideElementsInCurrentOnly>
<backgroundColor>-65536</backgroundColor>
<lineWidth>1</lineWidth>
</Connector>
<Connector class="oracle.dbtools.crest.swingui.logical.TVInheritanceRelation" oid="622CE62E-9F37-B244-CA9C-0C01DE99C0DC" otype="Hierarchy relation" vid_source="F298CA81-11B0-98F9-EB8F-EE89DF003E6B" vid_target="624178FE-5483-FDF6-6FFC-345A1C8BC7C6">
<hideElementsInCurrentOnly>false</hideElementsInCurrentOnly>
<backgroundColor>-65536</backgroundColor>
<lineWidth>1</lineWidth>
</Connector>
<Connector class="oracle.dbtools.crest.swingui.logical.TVInheritanceRelation" oid="76219F50-7908-D236-CE58-E26CD2BBBA71" otype="Hierarchy relation" vid_source="F298CA81-11B0-98F9-EB8F-EE89DF003E6B" vid_target="72BBCB94-E8A0-9B28-AB41-6C195D82BB2D">
<hideElementsInCurrentOnly>false</hideElementsInCurrentOnly>
<backgroundColor>-65536</backgroundColor>
<lineWidth>1</lineWidth>
</Connector>
<Connector class="oracle.dbtools.crest.swingui.logical.TVRelation" oid="935608DD-6AB6-F1F7-04F2-05FCEC169581" otype="Relation" vid_source="8F4E4A6F-A19C-8070-6155-8DDE588F4A09" vid_target="B7D05332-29E2-BDC3-30C2-6DC7475277B2">
<hideElementsInCurrentOnly>false</hideElementsInCurrentOnly>
<backgroundColor>-16777216</backgroundColor>
<lineWidth>1</lineWidth>
<points>
<point x="767" y="193"/>
<point x="284" y="193"/>
</points>
</Connector>
<Connector class="oracle.dbtools.crest.swingui.logical.TVRelation" oid="948A74C7-EFD7-B305-9E31-DD254DB63880" otype="Relation" vid_source="39145011-0EFF-09FC-8287-EFCDB28C6284" vid_target="624178FE-5483-FDF6-6FFC-345A1C8BC7C6">
<hideElementsInCurrentOnly>false</hideElementsInCurrentOnly>
<backgroundColor>-16777216</backgroundColor>
<lineWidth>1</lineWidth>
<points>
<point x="516" y="81"/>
<point x="441" y="81"/>
</points>
</Connector>
<Connector class="oracle.dbtools.crest.swingui.logical.TVRelation" oid="98FC6382-C7BD-B86C-F835-55AA365836E1" otype="Relation" vid_source="39145011-0EFF-09FC-8287-EFCDB28C6284" vid_target="74BFD4F9-E42B-7E64-CD02-FCA0783621D6">
<hideElementsInCurrentOnly>false</hideElementsInCurrentOnly>
<backgroundColor>-16777216</backgroundColor>
<lineWidth>1</lineWidth>
<points>
<point x="593" y="112"/>
<point x="593" y="227"/>
</points>
</Connector>
<Connector class="oracle.dbtools.crest.swingui.logical.TVRelation" oid="B6473C11-B8BF-3C59-95CB-CBC4AA0112CC" otype="Relation" vid_source="D002A414-1302-AEE7-7BE0-83684CC9C4FD" vid_target="8F4E4A6F-A19C-8070-6155-8DDE588F4A09">
<hideElementsInCurrentOnly>false</hideElementsInCurrentOnly>
<backgroundColor>-16777216</backgroundColor>
<lineWidth>1</lineWidth>
<points>
<point x="879" y="329"/>
<point x="879" y="239"/>
</points>
</Connector>
<Connector class="oracle.dbtools.crest.swingui.logical.TVRelation" oid="BBB7DBC3-AFD7-07F7-62E3-8C8A377CDE57" otype="Relation" vid_source="B7D05332-29E2-BDC3-30C2-6DC7475277B2" vid_target="74BFD4F9-E42B-7E64-CD02-FCA0783621D6">
<hideElementsInCurrentOnly>false</hideElementsInCurrentOnly>
<backgroundColor>-16777216</backgroundColor>
<lineWidth>1</lineWidth>
<points>
<point x="284" y="255"/>
<point x="503" y="255"/>
</points>
</Connector>
<Connector class="oracle.dbtools.crest.swingui.logical.TVInheritanceRelation" oid="BE8E7E92-8C6C-20B1-CFC9-45CCEFA7FBF2" otype="Hierarchy relation" vid_source="624178FE-5483-FDF6-6FFC-345A1C8BC7C6" vid_target="5CC396C9-B709-C410-E7A8-E3A8A4048CA9">
<hideElementsInCurrentOnly>false</hideElementsInCurrentOnly>
<backgroundColor>-65536</backgroundColor>
<lineWidth>1</lineWidth>
</Connector>
<Connector class="oracle.dbtools.crest.swingui.logical.TVRelation" oid="C4E1BBF9-D920-F208-10DB-39EEF8750230" otype="Relation" vid_source="D1E0EE68-8D32-633A-3B24-1E225098880D" vid_target="D1E0EE68-8D32-633A-3B24-1E225098880D">
<hideElementsInCurrentOnly>false</hideElementsInCurrentOnly>
<backgroundColor>-16777216</backgroundColor>
<lineWidth>1</lineWidth>
<points>
<point x="287" y="106"/>
<point x="311" y="106"/>
<point x="311" y="151"/>
<point x="227" y="151"/>
<point x="227" y="117"/>
</points>
</Connector>
<Connector class="oracle.dbtools.crest.swingui.logical.TVInheritanceRelation" oid="C75B7B7B-6E80-57D5-C91F-0043B9021B00" otype="Hierarchy relation" vid_source="B7D05332-29E2-BDC3-30C2-6DC7475277B2" vid_target="5E92C1DC-241A-1E5A-69C5-FCEFA2F71713">
<hideElementsInCurrentOnly>false</hideElementsInCurrentOnly>
<backgroundColor>-65536</backgroundColor>
<lineWidth>1</lineWidth>
</Connector>
</connectors>
</Diagram>