<?xml version = '1.0' encoding = 'UTF-8'?>
<Entity class="oracle.dbtools.crest.model.design.logical.Entity" directorySegmentName="seg_0" id="123C7308-3C46-9316-C1AE-991963333937" name="EMPLEADO">
<createdBy>fifam</createdBy>
<createdTime>2025-10-10 03:41:44 UTC</createdTime>
<ownerDesignName>cristaleria_andina</ownerDesignName>
<engineerTo>
<item key="A563B0B6-0697-605C-0C78-5CEABBFDB7C1" value="true"/>
</engineerTo>
<adequatelyNormalized>NO</adequatelyNormalized>
<expectedVolumes>0</expectedVolumes>
<fwdEngineeringStrategyName>Single Table</fwdEngineeringStrategyName>
<growthPercent>0</growthPercent>
<growthType>Year</growthType>
<maxVolumes>9999999</maxVolumes>
<minVolumes>0</minVolumes>
<normalForm>Third</normalForm>
<attributes itemClass="oracle.dbtools.crest.model.design.logical.Attribute">
<Attribute name="id_empleado" id="DFAD441E-E0E1-601E-2021-DD75E94B7965">
<createdBy>fifam</createdBy>
<createdTime>2025-10-10 03:41:59 UTC</createdTime>
<ownerDesignName>cristaleria_andina</ownerDesignName>
<engineerTo>
<item key="A563B0B6-0697-605C-0C78-5CEABBFDB7C1" value="true"/>
</engineerTo>
<useDomainConstraints>false</useDomainConstraints>
<use>1</use>
<logicalDatatype>LOGDT011</logicalDatatype>
<ownDataTypeParameters>,,</ownDataTypeParameters>
</Attribute>
<Attribute name="rut" id="9A638AE8-653C-FDD3-9257-86520A9BD5DB">
<createdBy>fifam</createdBy>
<createdTime>2025-10-10 03:42:15 UTC</createdTime>
<ownerDesignName>cristaleria_andina</ownerDesignName>
<engineerTo>
<item key="A563B0B6-0697-605C-0C78-5CEABBFDB7C1" value="true"/>
</engineerTo>
<useDomainConstraints>false</useDomainConstraints>
<use>1</use>
<logicalDatatype>LOGDT024</logicalDatatype>
<dataTypeSize>12</dataTypeSize>
<ownDataTypeParameters>12,,</ownDataTypeParameters>
</Attribute>
<Attribute name="nombres" id="CC07D86E-1B3B-215A-4089-4E5C3CDB1255">
<createdBy>fifam</createdBy>
<createdTime>2025-10-10 03:43:17 UTC</createdTime>
<ownerDesignName>cristaleria_andina</ownerDesignName>
<engineerTo>
<item key="A563B0B6-0697-605C-0C78-5CEABBFDB7C1" value="true"/>
</engineerTo>
<useDomainConstraints>false</useDomainConstraints>
<use>1</use>
<logicalDatatype>LOGDT024</logicalDatatype>
<dataTypeSize>100</dataTypeSize>
<ownDataTypeParameters>100,,</ownDataTypeParameters>
</Attribute>
<Attribute name="apellidos" id="EC97CB03-7A57-C49D-4F0B-E17DC4DF36FA">
<createdBy>fifam</createdBy>
<createdTime>2025-10-10 03:43:54 UTC</createdTime>
<ownerDesignName>cristaleria_andina</ownerDesignName>
<engineerTo>
<item key="A563B0B6-0697-605C-0C78-5CEABBFDB7C1" value="true"/>
</engineerTo>
<useDomainConstraints>false</useDomainConstraints>
<use>1</use>
<logicalDatatype>LOGDT024</logicalDatatype>
<dataTypeSize>100</dataTypeSize>
<ownDataTypeParameters>100,,</ownDataTypeParameters>
</Attribute>
<Attribute name="fecha_contratacion" id="222E8B55-6E25-E4B6-7FDD-1C0282236CC2">
<createdBy>fifam</createdBy>
<createdTime>2025-10-10 03:44:24 UTC</createdTime>
<ownerDesignName>cristaleria_andina</ownerDesignName>
<engineerTo>
<item key="A563B0B6-0697-605C-0C78-5CEABBFDB7C1" value="true"/>
</engineerTo>
<useDomainConstraints>false</useDomainConstraints>
<use>1</use>
<logicalDatatype>LOGDT007</logicalDatatype>
<ownDataTypeParameters>,,</ownDataTypeParameters>
</Attribute>
<Attribute name="sueldo_base" id="FAE5889E-AA8C-06E8-DE9A-B36B8CB21786">
<createdBy>fifam</createdBy>
<createdTime>2025-10-10 03:44:50 UTC</createdTime>
<ownerDesignName>cristaleria_andina</ownerDesignName>
<engineerTo>
<item key="A563B0B6-0697-605C-0C78-5CEABBFDB7C1" value="true"/>
</engineerTo>
<useDomainConstraints>false</useDomainConstraints>
<use>1</use>
<logicalDatatype>LOGDT026</logicalDatatype>
<ownDataTypeParameters>,,</ownDataTypeParameters>
</Attribute>
<Attribute name="estado_activo" id="923D9A6D-C6E0-C590-B547-3AA6A4CDC57A">
<createdBy>fifam</createdBy>
<createdTime>2025-10-10 03:45:13 UTC</createdTime>
<ownerDesignName>cristaleria_andina</ownerDesignName>
<engineerTo>
<item key="A563B0B6-0697-605C-0C78-5CEABBFDB7C1" value="true"/>
</engineerTo>
<useDomainConstraints>false</useDomainConstraints>
<use>1</use>
<logicalDatatype>LOGDT025</logicalDatatype>
<dataTypeSize>1</dataTypeSize>
<ownDataTypeParameters>1,,</ownDataTypeParameters>
</Attribute>
<Attribute name="id_planta" id="F74A0930-59F3-50C1-674A-A46C829062B7">
<createdBy>fifam</createdBy>
<createdTime>2025-10-10 04:36:45 UTC</createdTime>
<generatorID>76CC2DB6-1067-6878-DD04-2E0F5CE6E9B6</generatorID>
<ownerDesignName>cristaleria_andina</ownerDesignName>
<engineerTo>
<item key="A563B0B6-0697-605C-0C78-5CEABBFDB7C1" value="true"/>
</engineerTo>
<referedAttribute>6DE8DEC7-9547-2F65-14EA-DF5AB5460F3C</referedAttribute>
<useDomainConstraints>false</useDomainConstraints>
<use>1</use>
<logicalDatatype>LOGDT011</logicalDatatype>
<ownDataTypeParameters>,,</ownDataTypeParameters>
</Attribute>
<Attribute name="id_comuna" id="B87B0721-190E-E13A-160C-DF13C42A1A9D">
<createdBy>fifam</createdBy>
<createdTime>2025-10-10 13:37:21 UTC</createdTime>
<generatorID>76CC2DB6-1067-6878-DD04-2E0F5CE6E9B6</generatorID>
<ownerDesignName>cristaleria_andina</ownerDesignName>
<engineerTo>
<item key="A563B0B6-0697-605C-0C78-5CEABBFDB7C1" value="true"/>
</engineerTo>
<referedAttribute>166AF644-422D-B22A-3CBD-178DC8951266</referedAttribute>
<useDomainConstraints>false</useDomainConstraints>
<use>1</use>
<logicalDatatype>LOGDT011</logicalDatatype>
<ownDataTypeParameters>,,</ownDataTypeParameters>
</Attribute>
<Attribute name="id_afp" id="A7692F56-1C41-C06C-93A1-3F4377564E1D">
<createdBy>fifam</createdBy>
<createdTime>2025-10-10 13:43:26 UTC</createdTime>
<generatorID>9C945C38-6E8B-4062-B131-48E35EADCB57</generatorID>
<ownerDesignName>cristaleria_andina</ownerDesignName>
<engineerTo>
<item key="A563B0B6-0697-605C-0C78-5CEABBFDB7C1" value="true"/>
</engineerTo>
<referedAttribute>F4DB9159-5071-0941-DF1B-C5B8397E508D</referedAttribute>
<useDomainConstraints>false</useDomainConstraints>
<use>1</use>
<logicalDatatype>LOGDT011</logicalDatatype>
<ownDataTypeParameters>,,</ownDataTypeParameters>
</Attribute>
<Attribute name="id_sistema_salud" id="65E069BF-2362-7BE9-6466-417EAC4D53D0">
<createdBy>fifam</createdBy>
<createdTime>2025-10-10 13:43:52 UTC</createdTime>
<generatorID>A1EDBF87-7670-FD16-10F5-1EAF626E340A</generatorID>
<ownerDesignName>cristaleria_andina</ownerDesignName>
<engineerTo>
<item key="A563B0B6-0697-605C-0C78-5CEABBFDB7C1" value="true"/>
</engineerTo>
<referedAttribute>34D7016B-9BD9-488C-EAA0-20ECE60371B0</referedAttribute>
<useDomainConstraints>false</useDomainConstraints>
<use>1</use>
<logicalDatatype>LOGDT011</logicalDatatype>
<ownDataTypeParameters>,,</ownDataTypeParameters>
</Attribute>
<Attribute name="id_empleado1" id="321C9E5D-CC0D-627E-7B59-51F6E3328A6A">
<createdBy>fifam</createdBy>
<createdTime>2025-10-10 13:47:14 UTC</createdTime>
<generatorID>5D8FA59E-022A-6680-6025-1D0999C124F2</generatorID>
<ownerDesignName>cristaleria_andina</ownerDesignName>
<engineerTo>
<item key="A563B0B6-0697-605C-0C78-5CEABBFDB7C1" value="true"/>
</engineerTo>
<nullsAllowed>true</nullsAllowed>
<referedAttribute>DFAD441E-E0E1-601E-2021-DD75E94B7965</referedAttribute>
<useDomainConstraints>false</useDomainConstraints>
<use>1</use>
<logicalDatatype>LOGDT011</logicalDatatype>
<ownDataTypeParameters>,,</ownDataTypeParameters>
</Attribute>
</attributes>
<identifiers itemClass="oracle.dbtools.crest.model.design.logical.CandidateKey">
<identifier id="904CCD49-C406-FF4E-F6BB-22175A615E13" name="EMPLEADO PK">
<createdBy>fifam</createdBy>
<createdTime>2025-10-10 03:42:11 UTC</createdTime>
<ownerDesignName>cristaleria_andina</ownerDesignName>
<engineerTo>
<item key="A563B0B6-0697-605C-0C78-5CEABBFDB7C1" value="true"/>
</engineerTo>
<pk>true</pk>
<usedAttributes>
<attributeRef>DFAD441E-E0E1-601E-2021-DD75E94B7965</attributeRef>
</usedAttributes>
</identifier>
</identifiers>
</Entity>