<?xml version = '1.0' encoding = 'UTF-8'?>
<Entity class="oracle.dbtools.crest.model.design.logical.Entity" directorySegmentName="seg_0" id="22F9387D-A5C9-0F9F-6CF1-8B41858FE6CE" name="COMUNA">
<createdBy>fifam</createdBy>
<createdTime>2025-10-10 03:25:15 UTC</createdTime>
<ownerDesignName>cristaleria_andina</ownerDesignName>
<engineerTo>
<item key="A563B0B6-0697-605C-0C78-5CEABBFDB7C1" value="true"/>
</engineerTo>
<adequatelyNormalized>NO</adequatelyNormalized>
<expectedVolumes>0</expectedVolumes>
<fwdEngineeringStrategyName>Single Table</fwdEngineeringStrategyName>
<growthPercent>0</growthPercent>
<growthType>Year</growthType>
<maxVolumes>9999999</maxVolumes>
<minVolumes>0</minVolumes>
<normalForm>Third</normalForm>
<attributes itemClass="oracle.dbtools.crest.model.design.logical.Attribute">
<Attribute name="id_comuna" id="D7878675-A088-9BE7-1723-B585AC64000C">
<createdBy>fifam</createdBy>
<createdTime>2025-10-10 03:25:43 UTC</createdTime>
<ownerDesignName>cristaleria_andina</ownerDesignName>
<engineerTo>
<item key="A563B0B6-0697-605C-0C78-5CEABBFDB7C1" value="true"/>
</engineerTo>
<useDomainConstraints>false</useDomainConstraints>
<use>1</use>
<logicalDatatype>LOGDT011</logicalDatatype>
<ownDataTypeParameters>,,</ownDataTypeParameters>
</Attribute>
<Attribute name="nombre_comuna" id="A6A7ADAD-FC2A-E5B7-0405-80FD0B700593">
<createdBy>fifam</createdBy>
<createdTime>2025-10-10 03:26:11 UTC</createdTime>
<ownerDesignName>cristaleria_andina</ownerDesignName>
<engineerTo>
<item key="A563B0B6-0697-605C-0C78-5CEABBFDB7C1" value="true"/>
</engineerTo>
<useDomainConstraints>false</useDomainConstraints>
<use>1</use>
<logicalDatatype>LOGDT024</logicalDatatype>
<dataTypeSize>100</dataTypeSize>
<ownDataTypeParameters>100,,</ownDataTypeParameters>
</Attribute>
<Attribute name="id_region" id="97099181-F08A-7F4F-9ED5-859137000760">
<createdBy>fifam</createdBy>
<createdTime>2025-10-10 04:31:26 UTC</createdTime>
<generatorID>2EDB0651-3C3A-8CCF-1922-5E667D3F0885</generatorID>
<ownerDesignName>cristaleria_andina</ownerDesignName>
<engineerTo>
<item key="A563B0B6-0697-605C-0C78-5CEABBFDB7C1" value="true"/>
</engineerTo>
<referedAttribute>FDAFACF6-E99F-9195-18BB-CAA610BA692B</referedAttribute>
<useDomainConstraints>false</useDomainConstraints>
<use>1</use>
<logicalDatatype>LOGDT011</logicalDatatype>
<ownDataTypeParameters>,,</ownDataTypeParameters>
</Attribute>
</attributes>
<identifiers itemClass="oracle.dbtools.crest.model.design.logical.CandidateKey">
<identifier id="DB2A76C4-94B3-0E8C-1CA5-1EE521AFC8AE" name="COMUNA PK">
<createdBy>fifam</createdBy>
<createdTime>2025-10-10 03:26:06 UTC</createdTime>
<ownerDesignName>cristaleria_andina</ownerDesignName>
<engineerTo>
<item key="A563B0B6-0697-605C-0C78-5CEABBFDB7C1" value="true"/>
</engineerTo>
<pk>true</pk>
<usedAttributes>
<attributeRef>D7878675-A088-9BE7-1723-B585AC64000C</attributeRef>
</usedAttributes>
</identifier>
</identifiers>
</Entity>