<?xml version = '1.0' encoding = 'UTF-8'?>
<Entity class="oracle.dbtools.crest.model.design.logical.Entity" directorySegmentName="seg_0" id="26158A17-6D70-9E9B-62BC-C5B292E0FEB5" name="OPERARIO">
<createdBy>fifam</createdBy>
<createdTime>2025-10-10 03:50:38 UTC</createdTime>
<ownerDesignName>cristaleria_andina</ownerDesignName>
<engineerTo>
<item key="A563B0B6-0697-605C-0C78-5CEABBFDB7C1" value="true"/>
</engineerTo>
<adequatelyNormalized>NO</adequatelyNormalized>
<expectedVolumes>0</expectedVolumes>
<fwdEngineeringStrategyName>Single Table</fwdEngineeringStrategyName>
<growthPercent>0</growthPercent>
<growthType>Year</growthType>
<hierarchicalParent>123C7308-3C46-9316-C1AE-991963333937</hierarchicalParent>
<maxVolumes>9999999</maxVolumes>
<minVolumes>0</minVolumes>
<normalForm>Third</normalForm>
<attributes itemClass="oracle.dbtools.crest.model.design.logical.Attribute">
<Attribute name="categoria_proceso" id="111E254F-4377-8960-4E38-2A145E367C87">
<createdBy>fifam</createdBy>
<createdTime>2025-10-10 03:50:55 UTC</createdTime>
<ownerDesignName>cristaleria_andina</ownerDesignName>
<engineerTo>
<item key="A563B0B6-0697-605C-0C78-5CEABBFDB7C1" value="true"/>
</engineerTo>
<useDomainConstraints>false</useDomainConstraints>
<use>1</use>
<logicalDatatype>LOGDT024</logicalDatatype>
<dataTypeSize>50</dataTypeSize>
<ownDataTypeParameters>50,,</ownDataTypeParameters>
</Attribute>
<Attribute name="certificacion" id="B097F431-BEDE-859C-F711-BA8D14F5D3BE">
<createdBy>fifam</createdBy>
<createdTime>2025-10-10 03:51:40 UTC</createdTime>
<ownerDesignName>cristaleria_andina</ownerDesignName>
<engineerTo>
<item key="A563B0B6-0697-605C-0C78-5CEABBFDB7C1" value="true"/>
</engineerTo>
<nullsAllowed>true</nullsAllowed>
<useDomainConstraints>false</useDomainConstraints>
<use>1</use>
<logicalDatatype>LOGDT024</logicalDatatype>
<dataTypeSize>100</dataTypeSize>
<ownDataTypeParameters>100,,</ownDataTypeParameters>
</Attribute>
<Attribute name="horas_standard_turno" id="6B336B82-DE55-C749-ED5E-895048CB5832">
<createdBy>fifam</createdBy>
<createdTime>2025-10-10 03:52:09 UTC</createdTime>
<ownerDesignName>cristaleria_andina</ownerDesignName>
<engineerTo>
<item key="A563B0B6-0697-605C-0C78-5CEABBFDB7C1" value="true"/>
</engineerTo>
<useDomainConstraints>false</useDomainConstraints>
<use>1</use>
<logicalDatatype>LOGDT011</logicalDatatype>
<ownDataTypeParameters>,,</ownDataTypeParameters>
</Attribute>
</attributes>
</Entity>