<?xml version = '1.0' encoding = 'UTF-8'?>
<Entity class="oracle.dbtools.crest.model.design.logical.Entity" directorySegmentName="seg_0" id="2A17CB9A-4787-190C-C0E5-D2AC45E71E25" name="TIPO DE MAQUINA">
<createdBy>fifam</createdBy>
<createdTime>2025-10-10 03:56:35 UTC</createdTime>
<ownerDesignName>cristaleria_andina</ownerDesignName>
<engineerTo>
<item key="A563B0B6-0697-605C-0C78-5CEABBFDB7C1" value="true"/>
</engineerTo>
<adequatelyNormalized>NO</adequatelyNormalized>
<expectedVolumes>0</expectedVolumes>
<fwdEngineeringStrategyName>Single Table</fwdEngineeringStrategyName>
<growthPercent>0</growthPercent>
<growthType>Year</growthType>
<maxVolumes>9999999</maxVolumes>
<minVolumes>0</minVolumes>
<normalForm>Third</normalForm>
<attributes itemClass="oracle.dbtools.crest.model.design.logical.Attribute">
<Attribute name="id_tipo_maquina" id="FAE66A57-BA79-8FAF-FFE6-5E80DC603BC1">
<createdBy>fifam</createdBy>
<createdTime>2025-10-10 03:56:49 UTC</createdTime>
<ownerDesignName>cristaleria_andina</ownerDesignName>
<engineerTo>
<item key="A563B0B6-0697-605C-0C78-5CEABBFDB7C1" value="true"/>
</engineerTo>
<useDomainConstraints>false</useDomainConstraints>
<use>1</use>
<logicalDatatype>LOGDT011</logicalDatatype>
<ownDataTypeParameters>,,</ownDataTypeParameters>
</Attribute>
<Attribute name="nombre_tipo_maquina" id="1835D3BA-4DCE-4B46-09D6-A2961C77042F">
<createdBy>fifam</createdBy>
<createdTime>2025-10-10 03:57:23 UTC</createdTime>
<ownerDesignName>cristaleria_andina</ownerDesignName>
<engineerTo>
<item key="A563B0B6-0697-605C-0C78-5CEABBFDB7C1" value="true"/>
</engineerTo>
<useDomainConstraints>false</useDomainConstraints>
<use>1</use>
<logicalDatatype>LOGDT024</logicalDatatype>
<dataTypeSize>100</dataTypeSize>
<ownDataTypeParameters>100,,</ownDataTypeParameters>
</Attribute>
<Attribute name="numero_maquina" id="2ED583E9-6364-8597-78D2-D67C33080040">
<createdBy>fifam</createdBy>
<createdTime>2025-10-10 13:55:17 UTC</createdTime>
<generatorID>4DF11F77-1A8D-5DB7-4EC2-E17C67C090E6</generatorID>
<ownerDesignName>cristaleria_andina</ownerDesignName>
<engineerTo>
<item key="A563B0B6-0697-605C-0C78-5CEABBFDB7C1" value="true"/>
</engineerTo>
<referedAttribute>8D7447AE-6D28-A329-F922-83AFD4E1F85E</referedAttribute>
<useDomainConstraints>false</useDomainConstraints>
<use>1</use>
<logicalDatatype>LOGDT011</logicalDatatype>
<ownDataTypeParameters>,,</ownDataTypeParameters>
</Attribute>
<Attribute name="planta_id" id="E7281410-4AA1-9FA8-1C15-07CEC2E15231">
<createdBy>fifam</createdBy>
<createdTime>2025-10-10 13:55:17 UTC</createdTime>
<generatorID>4DF11F77-1A8D-5DB7-4EC2-E17C67C090E6</generatorID>
<ownerDesignName>cristaleria_andina</ownerDesignName>
<engineerTo>
<item key="A563B0B6-0697-605C-0C78-5CEABBFDB7C1" value="true"/>
</engineerTo>
<referedAttribute>2DBEEB23-D4D3-D98B-F705-0DDA2F57B48F</referedAttribute>
<useDomainConstraints>false</useDomainConstraints>
<use>1</use>
<logicalDatatype>LOGDT011</logicalDatatype>
<ownDataTypeParameters>,,</ownDataTypeParameters>
</Attribute>
</attributes>
<identifiers itemClass="oracle.dbtools.crest.model.design.logical.CandidateKey">
<identifier id="AB16AE47-952F-CA1D-B4B4-5D65EC45EBAF" name="TIPO DE MAQUINA PK">
<createdBy>fifam</createdBy>
<createdTime>2025-10-10 03:57:09 UTC</createdTime>
<ownerDesignName>cristaleria_andina</ownerDesignName>
<engineerTo>
<item key="A563B0B6-0697-605C-0C78-5CEABBFDB7C1" value="true"/>
</engineerTo>
<pk>true</pk>
<usedAttributes>
<attributeRef>FAE66A57-BA79-8FAF-FFE6-5E80DC603BC1</attributeRef>
</usedAttributes>
</identifier>
</identifiers>
</Entity>