<?xml version = '1.0' encoding = 'UTF-8'?>
<Entity class="oracle.dbtools.crest.model.design.logical.Entity" directorySegmentName="seg_0" id="AF8C581D-0EDD-CF4B-1E09-4F247A40F7F3" name="MAQUINA">
<createdBy>fifam</createdBy>
<createdTime>2025-10-10 03:58:10 UTC</createdTime>
<ownerDesignName>cristaleria_andina</ownerDesignName>
<engineerTo>
<item key="A563B0B6-0697-605C-0C78-5CEABBFDB7C1" value="true"/>
</engineerTo>
<adequatelyNormalized>NO</adequatelyNormalized>
<expectedVolumes>0</expectedVolumes>
<fwdEngineeringStrategyName>Single Table</fwdEngineeringStrategyName>
<growthPercent>0</growthPercent>
<growthType>Year</growthType>
<maxVolumes>9999999</maxVolumes>
<minVolumes>0</minVolumes>
<normalForm>Third</normalForm>
<attributes itemClass="oracle.dbtools.crest.model.design.logical.Attribute">
<Attribute name="numero_maquina" id="8D7447AE-6D28-A329-F922-83AFD4E1F85E">
<createdBy>fifam</createdBy>
<createdTime>2025-10-10 03:58:18 UTC</createdTime>
<ownerDesignName>cristaleria_andina</ownerDesignName>
<engineerTo>
<item key="A563B0B6-0697-605C-0C78-5CEABBFDB7C1" value="true"/>
</engineerTo>
<useDomainConstraints>false</useDomainConstraints>
<use>1</use>
<logicalDatatype>LOGDT011</logicalDatatype>
<ownDataTypeParameters>,,</ownDataTypeParameters>
</Attribute>
<Attribute name="planta_id" id="2DBEEB23-D4D3-D98B-F705-0DDA2F57B48F">
<createdBy>fifam</createdBy>
<createdTime>2025-10-10 03:59:53 UTC</createdTime>
<ownerDesignName>cristaleria_andina</ownerDesignName>
<engineerTo>
<item key="A563B0B6-0697-605C-0C78-5CEABBFDB7C1" value="true"/>
</engineerTo>
<useDomainConstraints>false</useDomainConstraints>
<use>1</use>
<logicalDatatype>LOGDT011</logicalDatatype>
<ownDataTypeParameters>,,</ownDataTypeParameters>
</Attribute>
<Attribute name="nombre_maquina" id="1B178EFB-B55B-A978-FB22-3E46B965019D">
<createdBy>fifam</createdBy>
<createdTime>2025-10-10 04:05:48 UTC</createdTime>
<ownerDesignName>cristaleria_andina</ownerDesignName>
<engineerTo>
<item key="A563B0B6-0697-605C-0C78-5CEABBFDB7C1" value="true"/>
</engineerTo>
<useDomainConstraints>false</useDomainConstraints>
<use>1</use>
<logicalDatatype>LOGDT024</logicalDatatype>
<dataTypeSize>100</dataTypeSize>
<ownDataTypeParameters>100,,</ownDataTypeParameters>
</Attribute>
<Attribute name="estado_activo" id="DAC93891-C221-0023-6CD8-0FC128D13DFB">
<createdBy>fifam</createdBy>
<createdTime>2025-10-10 04:07:06 UTC</createdTime>
<ownerDesignName>cristaleria_andina</ownerDesignName>
<engineerTo>
<item key="A563B0B6-0697-605C-0C78-5CEABBFDB7C1" value="true"/>
</engineerTo>
<useDomainConstraints>false</useDomainConstraints>
<use>1</use>
<logicalDatatype>LOGDT025</logicalDatatype>
<dataTypeSize>1</dataTypeSize>
<ownDataTypeParameters>1,,</ownDataTypeParameters>
</Attribute>
<Attribute name="id_planta" id="F0042555-388D-7B89-1F0A-E07BA68673EA">
<createdBy>fifam</createdBy>
<createdTime>2025-10-10 13:57:31 UTC</createdTime>
<generatorID>0355866C-9B10-D52E-9CC3-C0EF055E1A51</generatorID>
<ownerDesignName>cristaleria_andina</ownerDesignName>
<engineerTo>
<item key="A563B0B6-0697-605C-0C78-5CEABBFDB7C1" value="true"/>
</engineerTo>
<referedAttribute>6DE8DEC7-9547-2F65-14EA-DF5AB5460F3C</referedAttribute>
<useDomainConstraints>false</useDomainConstraints>
<use>1</use>
<logicalDatatype>LOGDT011</logicalDatatype>
<ownDataTypeParameters>,,</ownDataTypeParameters>
</Attribute>
<Attribute name="id_comuna" id="9F25C58B-7D80-4C3C-D5A8-18B56FD18F56">
<createdBy>fifam</createdBy>
<createdTime>2025-10-10 13:57:31 UTC</createdTime>
<generatorID>0355866C-9B10-D52E-9CC3-C0EF055E1A51</generatorID>
<ownerDesignName>cristaleria_andina</ownerDesignName>
<engineerTo>
<item key="A563B0B6-0697-605C-0C78-5CEABBFDB7C1" value="true"/>
</engineerTo>
<referedAttribute>166AF644-422D-B22A-3CBD-178DC8951266</referedAttribute>
<useDomainConstraints>false</useDomainConstraints>
<use>1</use>
<logicalDatatype>LOGDT011</logicalDatatype>
<ownDataTypeParameters>,,</ownDataTypeParameters>
</Attribute>
</attributes>
<identifiers itemClass="oracle.dbtools.crest.model.design.logical.CandidateKey">
<identifier id="C3E55751-F09C-B65A-BD17-4431ADF1A095" name="MAQUINA PK">
<createdBy>fifam</createdBy>
<createdTime>2025-10-10 03:59:50 UTC</createdTime>
<ownerDesignName>cristaleria_andina</ownerDesignName>
<engineerTo>
<item key="A563B0B6-0697-605C-0C78-5CEABBFDB7C1" value="true"/>
</engineerTo>
<pk>true</pk>
<usedAttributes>
<attributeRef>8D7447AE-6D28-A329-F922-83AFD4E1F85E</attributeRef>
<attributeRef>2DBEEB23-D4D3-D98B-F705-0DDA2F57B48F</attributeRef>
</usedAttributes>
</identifier>
</identifiers>
</Entity>