<?xml version = '1.0' encoding = 'UTF-8'?>
<Entity class="oracle.dbtools.crest.model.design.logical.Entity" directorySegmentName="seg_0" id="B34CCC99-5F6B-852E-4135-931A600A027B" name="ASIGNACION_TURNO">
<createdBy>fifam</createdBy>
<createdTime>2025-10-10 04:24:01 UTC</createdTime>
<ownerDesignName>cristaleria_andina</ownerDesignName>
<engineerTo>
<item key="A563B0B6-0697-605C-0C78-5CEABBFDB7C1" value="true"/>
</engineerTo>
<adequatelyNormalized>NO</adequatelyNormalized>
<expectedVolumes>0</expectedVolumes>
<fwdEngineeringStrategyName>Single Table</fwdEngineeringStrategyName>
<growthPercent>0</growthPercent>
<growthType>Year</growthType>
<maxVolumes>9999999</maxVolumes>
<minVolumes>0</minVolumes>
<normalForm>Third</normalForm>
<attributes itemClass="oracle.dbtools.crest.model.design.logical.Attribute">
<Attribute name="empleado_id" id="EEC4227F-2B26-F86E-8114-655D269F561C">
<createdBy>fifam</createdBy>
<createdTime>2025-10-10 04:24:25 UTC</createdTime>
<ownerDesignName>cristaleria_andina</ownerDesignName>
<engineerTo>
<item key="A563B0B6-0697-605C-0C78-5CEABBFDB7C1" value="true"/>
</engineerTo>
<useDomainConstraints>false</useDomainConstraints>
<use>1</use>
<logicalDatatype>LOGDT011</logicalDatatype>
<ownDataTypeParameters>,,</ownDataTypeParameters>
</Attribute>
<Attribute name="fecha" id="1562E75B-BC3F-5A3D-B59C-F919647AA800">
<createdBy>fifam</createdBy>
<createdTime>2025-10-10 04:24:50 UTC</createdTime>
<ownerDesignName>cristaleria_andina</ownerDesignName>
<engineerTo>
<item key="A563B0B6-0697-605C-0C78-5CEABBFDB7C1" value="true"/>
</engineerTo>
<useDomainConstraints>false</useDomainConstraints>
<use>1</use>
<logicalDatatype>LOGDT007</logicalDatatype>
<ownDataTypeParameters>,,</ownDataTypeParameters>
</Attribute>
<Attribute name="rol_desempenado" id="DA3B4E00-406E-AB53-EB9A-249E51DD0C4B">
<createdBy>fifam</createdBy>
<createdTime>2025-10-10 04:26:32 UTC</createdTime>
<ownerDesignName>cristaleria_andina</ownerDesignName>
<engineerTo>
<item key="A563B0B6-0697-605C-0C78-5CEABBFDB7C1" value="true"/>
</engineerTo>
<useDomainConstraints>false</useDomainConstraints>
<use>1</use>
<logicalDatatype>LOGDT024</logicalDatatype>
<dataTypeSize>100</dataTypeSize>
<ownDataTypeParameters>100,,</ownDataTypeParameters>
</Attribute>
<Attribute name="id_empleado" id="2D07E58C-B89E-65A5-690D-467532DA8CFA">
<createdBy>fifam</createdBy>
<createdTime>2025-10-10 14:04:10 UTC</createdTime>
<generatorID>BC75AC0A-D051-0EFE-0F94-71E2FF26F37C</generatorID>
<ownerDesignName>cristaleria_andina</ownerDesignName>
<engineerTo>
<item key="A563B0B6-0697-605C-0C78-5CEABBFDB7C1" value="true"/>
</engineerTo>
<referedAttribute>DFAD441E-E0E1-601E-2021-DD75E94B7965</referedAttribute>
<useDomainConstraints>false</useDomainConstraints>
<use>1</use>
<logicalDatatype>LOGDT011</logicalDatatype>
<ownDataTypeParameters>,,</ownDataTypeParameters>
</Attribute>
<Attribute name="id_turno" id="A8AB9170-AC0D-A6D9-C8F8-0CD6B49DCE74">
<createdBy>fifam</createdBy>
<createdTime>2025-10-10 14:05:29 UTC</createdTime>
<generatorID>655B8497-1F73-A92F-D8AE-9506B70DA23E</generatorID>
<ownerDesignName>cristaleria_andina</ownerDesignName>
<engineerTo>
<item key="A563B0B6-0697-605C-0C78-5CEABBFDB7C1" value="true"/>
</engineerTo>
<referedAttribute>1D64C035-AA3D-0ECD-5682-0AD9B748CD7A</referedAttribute>
<useDomainConstraints>false</useDomainConstraints>
<use>1</use>
<logicalDatatype>LOGDT011</logicalDatatype>
<ownDataTypeParameters>,,</ownDataTypeParameters>
</Attribute>
<Attribute name="numero_maquina" id="86251974-7340-6D40-BE6C-8AA9D2937D13">
<createdBy>fifam</createdBy>
<createdTime>2025-10-10 14:06:50 UTC</createdTime>
<generatorID>5E4B43E8-563E-0806-2BA5-B9BA620C7A19</generatorID>
<ownerDesignName>cristaleria_andina</ownerDesignName>
<engineerTo>
<item key="A563B0B6-0697-605C-0C78-5CEABBFDB7C1" value="true"/>
</engineerTo>
<referedAttribute>8D7447AE-6D28-A329-F922-83AFD4E1F85E</referedAttribute>
<useDomainConstraints>false</useDomainConstraints>
<use>1</use>
<logicalDatatype>LOGDT011</logicalDatatype>
<ownDataTypeParameters>,,</ownDataTypeParameters>
</Attribute>
<Attribute name="planta_id" id="A99E9B54-F275-915C-1265-4D3FD06D400A">
<createdBy>fifam</createdBy>
<createdTime>2025-10-10 14:06:50 UTC</createdTime>
<generatorID>5E4B43E8-563E-0806-2BA5-B9BA620C7A19</generatorID>
<ownerDesignName>cristaleria_andina</ownerDesignName>
<engineerTo>
<item key="A563B0B6-0697-605C-0C78-5CEABBFDB7C1" value="true"/>
</engineerTo>
<referedAttribute>2DBEEB23-D4D3-D98B-F705-0DDA2F57B48F</referedAttribute>
<useDomainConstraints>false</useDomainConstraints>
<use>1</use>
<logicalDatatype>LOGDT011</logicalDatatype>
<ownDataTypeParameters>,,</ownDataTypeParameters>
</Attribute>
<Attribute name="id_planta" id="5153FF85-A932-E812-6178-3F074CAA43D9">
<createdBy>fifam</createdBy>
<createdTime>2025-10-10 14:11:22 UTC</createdTime>
<generatorID>14D64D40-8CD1-5B2C-EE1E-E425FF32E5B4</generatorID>
<ownerDesignName>cristaleria_andina</ownerDesignName>
<engineerTo>
<item key="A563B0B6-0697-605C-0C78-5CEABBFDB7C1" value="true"/>
</engineerTo>
<referedAttribute>6DE8DEC7-9547-2F65-14EA-DF5AB5460F3C</referedAttribute>
<useDomainConstraints>false</useDomainConstraints>
<use>1</use>
<logicalDatatype>LOGDT011</logicalDatatype>
<ownDataTypeParameters>,,</ownDataTypeParameters>
</Attribute>
<Attribute name="id_comuna" id="EF5DC115-2D62-287C-2487-F0D7950AAF66">
<createdBy>fifam</createdBy>
<createdTime>2025-10-10 14:11:22 UTC</createdTime>
<generatorID>14D64D40-8CD1-5B2C-EE1E-E425FF32E5B4</generatorID>
<ownerDesignName>cristaleria_andina</ownerDesignName>
<engineerTo>
<item key="A563B0B6-0697-605C-0C78-5CEABBFDB7C1" value="true"/>
</engineerTo>
<referedAttribute>166AF644-422D-B22A-3CBD-178DC8951266</referedAttribute>
<useDomainConstraints>false</useDomainConstraints>
<use>1</use>
<logicalDatatype>LOGDT011</logicalDatatype>
<ownDataTypeParameters>,,</ownDataTypeParameters>
</Attribute>
</attributes>
<identifiers itemClass="oracle.dbtools.crest.model.design.logical.CandidateKey">
<identifier id="E9959808-2047-025F-E933-33F83E8CE22A" name="ASIGNACION_TURNO PK">
<createdBy>fifam</createdBy>
<createdTime>2025-10-10 04:24:47 UTC</createdTime>
<ownerDesignName>cristaleria_andina</ownerDesignName>
<engineerTo>
<item key="A563B0B6-0697-605C-0C78-5CEABBFDB7C1" value="true"/>
</engineerTo>
<pk>true</pk>
<usedAttributes>
<attributeRef>EEC4227F-2B26-F86E-8114-655D269F561C</attributeRef>
<attributeRef>1562E75B-BC3F-5A3D-B59C-F919647AA800</attributeRef>
<attributeRef>A8AB9170-AC0D-A6D9-C8F8-0CD6B49DCE74</attributeRef>
<attributeRef>86251974-7340-6D40-BE6C-8AA9D2937D13</attributeRef>
<attributeRef>A99E9B54-F275-915C-1265-4D3FD06D400A</attributeRef>
<attributeRef>5153FF85-A932-E812-6178-3F074CAA43D9</attributeRef>
<attributeRef>EF5DC115-2D62-287C-2487-F0D7950AAF66</attributeRef>
</usedAttributes>
</identifier>
</identifiers>
</Entity>