<?xml version = '1.0' encoding = 'UTF-8'?>
<Entity class="oracle.dbtools.crest.model.design.logical.Entity" directorySegmentName="seg_0" id="C41F7820-FE74-129B-3950-AF4BCA73513B" name="AFP">
<createdBy>fifam</createdBy>
<createdTime>2025-10-10 03:30:04 UTC</createdTime>
<ownerDesignName>cristaleria_andina</ownerDesignName>
<engineerTo>
<item key="A563B0B6-0697-605C-0C78-5CEABBFDB7C1" value="true"/>
</engineerTo>
<adequatelyNormalized>NO</adequatelyNormalized>
<expectedVolumes>0</expectedVolumes>
<fwdEngineeringStrategyName>Single Table</fwdEngineeringStrategyName>
<growthPercent>0</growthPercent>
<growthType>Year</growthType>
<maxVolumes>9999999</maxVolumes>
<minVolumes>0</minVolumes>
<normalForm>Third</normalForm>
<attributes itemClass="oracle.dbtools.crest.model.design.logical.Attribute">
<Attribute name="id_afp" id="F4DB9159-5071-0941-DF1B-C5B8397E508D">
<createdBy>fifam</createdBy>
<createdTime>2025-10-10 03:37:11 UTC</createdTime>
<ownerDesignName>cristaleria_andina</ownerDesignName>
<engineerTo>
<item key="A563B0B6-0697-605C-0C78-5CEABBFDB7C1" value="true"/>
</engineerTo>
<useDomainConstraints>false</useDomainConstraints>
<use>1</use>
<logicalDatatype>LOGDT011</logicalDatatype>
<ownDataTypeParameters>,,</ownDataTypeParameters>
</Attribute>
<Attribute name="nombre_afp" id="EDBDCFB9-0801-EDF3-6D9C-E130EB73FB17">
<createdBy>fifam</createdBy>
<createdTime>2025-10-10 03:37:35 UTC</createdTime>
<ownerDesignName>cristaleria_andina</ownerDesignName>
<engineerTo>
<item key="A563B0B6-0697-605C-0C78-5CEABBFDB7C1" value="true"/>
</engineerTo>
<useDomainConstraints>false</useDomainConstraints>
<use>1</use>
<logicalDatatype>LOGDT024</logicalDatatype>
<dataTypeSize>100</dataTypeSize>
<ownDataTypeParameters>100,,</ownDataTypeParameters>
</Attribute>
<Attribute name="porcentaje_descuento" id="56CE7637-B64F-AC52-EFE3-E3E7CE63F256">
<createdBy>fifam</createdBy>
<createdTime>2025-10-10 03:38:47 UTC</createdTime>
<ownerDesignName>cristaleria_andina</ownerDesignName>
<engineerTo>
<item key="A563B0B6-0697-605C-0C78-5CEABBFDB7C1" value="true"/>
</engineerTo>
<useDomainConstraints>false</useDomainConstraints>
<use>1</use>
<logicalDatatype>LOGDT026</logicalDatatype>
<ownDataTypeParameters>,,</ownDataTypeParameters>
</Attribute>
</attributes>
<identifiers itemClass="oracle.dbtools.crest.model.design.logical.CandidateKey">
<identifier id="4E85E8A9-DAB0-F2C1-EE6D-D9F64ED12EA0" name="AFP PK">
<createdBy>fifam</createdBy>
<createdTime>2025-10-10 03:37:24 UTC</createdTime>
<ownerDesignName>cristaleria_andina</ownerDesignName>
<engineerTo>
<item key="A563B0B6-0697-605C-0C78-5CEABBFDB7C1" value="true"/>
</engineerTo>
<pk>true</pk>
<usedAttributes>
<attributeRef>F4DB9159-5071-0941-DF1B-C5B8397E508D</attributeRef>
</usedAttributes>
</identifier>
</identifiers>
</Entity>