<?xml version = '1.0' encoding = 'UTF-8'?>
<Entity class="oracle.dbtools.crest.model.design.logical.Entity" directorySegmentName="seg_0" id="F735F925-3811-0C26-23FC-FCB2DB255CC4" name="ORDEN_MANTENCION">
<createdBy>fifam</createdBy>
<createdTime>2025-10-10 04:15:40 UTC</createdTime>
<ownerDesignName>cristaleria_andina</ownerDesignName>
<engineerTo>
<item key="A563B0B6-0697-605C-0C78-5CEABBFDB7C1" value="true"/>
</engineerTo>
<adequatelyNormalized>NO</adequatelyNormalized>
<expectedVolumes>0</expectedVolumes>
<fwdEngineeringStrategyName>Single Table</fwdEngineeringStrategyName>
<growthPercent>0</growthPercent>
<growthType>Year</growthType>
<maxVolumes>9999999</maxVolumes>
<minVolumes>0</minVolumes>
<normalForm>Third</normalForm>
<attributes itemClass="oracle.dbtools.crest.model.design.logical.Attribute">
<Attribute name="id_orden" id="64E8CE96-CA32-0C38-B95A-98F7F8D9C385">
<createdBy>fifam</createdBy>
<createdTime>2025-10-10 04:15:58 UTC</createdTime>
<ownerDesignName>cristaleria_andina</ownerDesignName>
<engineerTo>
<item key="A563B0B6-0697-605C-0C78-5CEABBFDB7C1" value="true"/>
</engineerTo>
<useDomainConstraints>false</useDomainConstraints>
<use>1</use>
<logicalDatatype>LOGDT011</logicalDatatype>
<ownDataTypeParameters>,,</ownDataTypeParameters>
</Attribute>
<Attribute name="fecha_programada" id="3BBD2E90-FEE7-D899-2FD3-9C2F44C08A59">
<createdBy>fifam</createdBy>
<createdTime>2025-10-10 04:17:30 UTC</createdTime>
<ownerDesignName>cristaleria_andina</ownerDesignName>
<engineerTo>
<item key="A563B0B6-0697-605C-0C78-5CEABBFDB7C1" value="true"/>
</engineerTo>
<useDomainConstraints>false</useDomainConstraints>
<use>1</use>
<logicalDatatype>LOGDT007</logicalDatatype>
<ownDataTypeParameters>,,</ownDataTypeParameters>
</Attribute>
<Attribute name="fecha_ejecucion" id="3C29684B-EB19-2CF8-33BC-974D15CE4387">
<createdBy>fifam</createdBy>
<createdTime>2025-10-10 04:20:24 UTC</createdTime>
<ownerDesignName>cristaleria_andina</ownerDesignName>
<engineerTo>
<item key="A563B0B6-0697-605C-0C78-5CEABBFDB7C1" value="true"/>
</engineerTo>
<useDomainConstraints>false</useDomainConstraints>
<use>1</use>
<logicalDatatype>LOGDT007</logicalDatatype>
<ownDataTypeParameters>,,</ownDataTypeParameters>
</Attribute>
<Attribute name="descripcion_trabajo" id="166BA3B3-9BCE-8175-DADB-801942CA74B7">
<createdBy>fifam</createdBy>
<createdTime>2025-10-10 04:20:45 UTC</createdTime>
<ownerDesignName>cristaleria_andina</ownerDesignName>
<engineerTo>
<item key="A563B0B6-0697-605C-0C78-5CEABBFDB7C1" value="true"/>
</engineerTo>
<useDomainConstraints>false</useDomainConstraints>
<use>1</use>
<logicalDatatype>LOGDT024</logicalDatatype>
<dataTypeSize>500</dataTypeSize>
<ownDataTypeParameters>500,,</ownDataTypeParameters>
</Attribute>
<Attribute name="numero_maquina" id="65D780A3-505B-CAAB-B4D1-33C43C29B081">
<createdBy>fifam</createdBy>
<createdTime>2025-10-10 14:00:05 UTC</createdTime>
<generatorID>4FD9A978-A672-5137-D003-56D7B4B59BFD</generatorID>
<ownerDesignName>cristaleria_andina</ownerDesignName>
<engineerTo>
<item key="A563B0B6-0697-605C-0C78-5CEABBFDB7C1" value="true"/>
</engineerTo>
<referedAttribute>8D7447AE-6D28-A329-F922-83AFD4E1F85E</referedAttribute>
<useDomainConstraints>false</useDomainConstraints>
<use>1</use>
<logicalDatatype>LOGDT011</logicalDatatype>
<ownDataTypeParameters>,,</ownDataTypeParameters>
</Attribute>
<Attribute name="planta_id" id="81071070-423D-33FF-36A5-D12B8871902C">
<createdBy>fifam</createdBy>
<createdTime>2025-10-10 14:00:05 UTC</createdTime>
<generatorID>4FD9A978-A672-5137-D003-56D7B4B59BFD</generatorID>
<ownerDesignName>cristaleria_andina</ownerDesignName>
<engineerTo>
<item key="A563B0B6-0697-605C-0C78-5CEABBFDB7C1" value="true"/>
</engineerTo>
<referedAttribute>2DBEEB23-D4D3-D98B-F705-0DDA2F57B48F</referedAttribute>
<useDomainConstraints>false</useDomainConstraints>
<use>1</use>
<logicalDatatype>LOGDT011</logicalDatatype>
<ownDataTypeParameters>,,</ownDataTypeParameters>
</Attribute>
<Attribute name="id_empleado" id="76736ABC-F51B-734C-0AFB-834DDDDF36B8">
<createdBy>fifam</createdBy>
<createdTime>2025-10-10 14:02:11 UTC</createdTime>
<generatorID>1DE9F944-D423-242F-0D13-878A12D10BFD</generatorID>
<ownerDesignName>cristaleria_andina</ownerDesignName>
<engineerTo>
<item key="A563B0B6-0697-605C-0C78-5CEABBFDB7C1" value="true"/>
</engineerTo>
<referedAttribute>DFAD441E-E0E1-601E-2021-DD75E94B7965</referedAttribute>
<useDomainConstraints>false</useDomainConstraints>
<use>1</use>
<logicalDatatype>LOGDT011</logicalDatatype>
<ownDataTypeParameters>,,</ownDataTypeParameters>
</Attribute>
<Attribute name="id_planta" id="EA0DB8F5-08BA-5D3B-5638-B412671A5C15">
<createdBy>fifam</createdBy>
<createdTime>2025-10-10 14:12:30 UTC</createdTime>
<generatorID>9D0504A9-453C-1ECC-8D7E-13566456C296</generatorID>
<ownerDesignName>cristaleria_andina</ownerDesignName>
<engineerTo>
<item key="A563B0B6-0697-605C-0C78-5CEABBFDB7C1" value="true"/>
</engineerTo>
<referedAttribute>6DE8DEC7-9547-2F65-14EA-DF5AB5460F3C</referedAttribute>
<useDomainConstraints>false</useDomainConstraints>
<use>1</use>
<logicalDatatype>LOGDT011</logicalDatatype>
<ownDataTypeParameters>,,</ownDataTypeParameters>
</Attribute>
<Attribute name="id_comuna" id="87642963-163D-7A25-037F-6673DD41FF37">
<createdBy>fifam</createdBy>
<createdTime>2025-10-10 14:12:30 UTC</createdTime>
<generatorID>9D0504A9-453C-1ECC-8D7E-13566456C296</generatorID>
<ownerDesignName>cristaleria_andina</ownerDesignName>
<engineerTo>
<item key="A563B0B6-0697-605C-0C78-5CEABBFDB7C1" value="true"/>
</engineerTo>
<referedAttribute>166AF644-422D-B22A-3CBD-178DC8951266</referedAttribute>
<useDomainConstraints>false</useDomainConstraints>
<use>1</use>
<logicalDatatype>LOGDT011</logicalDatatype>
<ownDataTypeParameters>,,</ownDataTypeParameters>
</Attribute>
</attributes>
<identifiers itemClass="oracle.dbtools.crest.model.design.logical.CandidateKey">
<identifier id="9477B7DA-4D06-1822-4D4B-FF220C5E74CE" name="ORDEN_MANTENCION PK">
<createdBy>fifam</createdBy>
<createdTime>2025-10-10 04:16:54 UTC</createdTime>
<ownerDesignName>cristaleria_andina</ownerDesignName>
<engineerTo>
<item key="A563B0B6-0697-605C-0C78-5CEABBFDB7C1" value="true"/>
</engineerTo>
<pk>true</pk>
<usedAttributes>
<attributeRef>64E8CE96-CA32-0C38-B95A-98F7F8D9C385</attributeRef>
<attributeRef>EA0DB8F5-08BA-5D3B-5638-B412671A5C15</attributeRef>
<attributeRef>87642963-163D-7A25-037F-6673DD41FF37</attributeRef>
</usedAttributes>
</identifier>
</identifiers>
</Entity>