<?xml version = '1.0' encoding = 'UTF-8'?>
<Diagram class="oracle.dbtools.crest.swingui.relational.DPVRelational" name="Relational_1" id="4A18BB51-4987-8DE9-B5E4-7A1E040B51CC">
<createdBy>fifam</createdBy>
<modifiedBy>fifam</modifiedBy>
<createdTime>2025-09-11 14:33:29 UTC</createdTime>
<autoRoute>false</autoRoute>
<boxInbox>true</boxInbox>
<showLegend>false</showLegend>
<showLabels>false</showLabels>
<showRelAttributes>false</showRelAttributes>
<gridEnabled>false</gridEnabled>
<showGrid>false</showGrid>
<diagramColor>-1</diagramColor>
<display>false</display>
<notation>1</notation>
<objectViews>
<OView class="oracle.dbtools.crest.swingui.relational.TVTable" oid="16ECF55A-B973-ADC4-66B6-9A52530EB6BF" otype="Table" vid="E4AD37C2-41F9-4002-0C76-90A0C2785E2B">
<hideElementsInCurrentOnly>false</hideElementsInCurrentOnly>
<bounds x="0" y="322" width="233" height="103"/>
</OView>
<OView class="oracle.dbtools.crest.swingui.relational.TVTable" oid="1DD8336F-33CF-0C0A-87FE-D5B215338895" otype="Table" vid="C44F02DD-B222-FB03-C25F-E68B4560E745">
<hideElementsInCurrentOnly>false</hideElementsInCurrentOnly>
<bounds x="550" y="125" width="350" height="209"/>
</OView>
<OView class="oracle.dbtools.crest.swingui.relational.TVTable" oid="49858CCB-B770-1946-E9BA-0FEED0B1E9C1" otype="Table" vid="6EDC2BEE-0ED3-4C6F-3809-557F89D181D5">
<hideElementsInCurrentOnly>false</hideElementsInCurrentOnly>
<bounds x="261" y="276" width="230" height="211"/>
</OView>
<OView class="oracle.dbtools.crest.swingui.relational.TVTable" oid="5F09EB94-183C-B005-D878-615DA030DFE3" otype="Table" vid="5BB7D8AB-16B6-07DD-C0A5-BF8FD75915D3">
<hideElementsInCurrentOnly>false</hideElementsInCurrentOnly>
<bounds x="1" y="105" width="200" height="161"/>
</OView>
<OView class="oracle.dbtools.crest.swingui.relational.TVTable" oid="68A75AD0-8B90-AE37-6B9E-7A8B91AFAEC9" otype="Table" vid="BE312489-6D27-FF66-6214-1E498A13D6D1">
<hideElementsInCurrentOnly>false</hideElementsInCurrentOnly>
<bounds x="367" y="174" width="118" height="38"/>
</OView>
<OView class="oracle.dbtools.crest.swingui.relational.TVTable" oid="69890FD1-0992-6E12-F55B-88ECBA5444CF" otype="Table" vid="E2E503E3-4F73-853D-F21B-7AD4BF9C89DE">
<hideElementsInCurrentOnly>false</hideElementsInCurrentOnly>
<bounds x="10" y="491" width="215" height="84"/>
</OView>
<OView class="oracle.dbtools.crest.swingui.relational.TVTable" oid="92BA7B28-B7C2-5B0D-6C1C-E6BDACA2EEC3" otype="Table" vid="BC022980-F346-2AB1-F0B4-F910C48D3820">
<hideElementsInCurrentOnly>false</hideElementsInCurrentOnly>
<bounds x="364" y="122" width="117" height="40"/>
</OView>
<OView class="oracle.dbtools.crest.swingui.relational.TVTable" oid="9B6FBAB6-2816-E81D-3406-E14ED6531F88" otype="Table" vid="CC2CF6D1-7FBF-C50C-6359-77DB0F629212">
<hideElementsInCurrentOnly>false</hideElementsInCurrentOnly>
<bounds x="254" y="531" width="270" height="169"/>
</OView>
<OView class="oracle.dbtools.crest.swingui.relational.TVTable" oid="A619CD97-04C8-0426-E862-5B3F618B7027" otype="Table" vid="E0CB154F-14B1-7336-1C15-A3A64C07CF56">
<hideElementsInCurrentOnly>false</hideElementsInCurrentOnly>
<bounds x="759" y="0" width="255" height="86"/>
</OView>
<OView class="oracle.dbtools.crest.swingui.relational.TVTable" oid="A99808F7-825C-ACC3-809E-39874ED82C43" otype="Table" vid="89FB7E30-BC61-EE2A-06B2-2D40A229865A">
<hideElementsInCurrentOnly>false</hideElementsInCurrentOnly>
<bounds x="4" y="12" width="171" height="88"/>
</OView>
<OView class="oracle.dbtools.crest.swingui.relational.TVTable" oid="AE417359-1BF9-7AC1-8CA8-EE5B1DC69866" otype="Table" vid="0CBE3D4F-6586-ED11-4618-54F081CAFF8D">
<hideElementsInCurrentOnly>false</hideElementsInCurrentOnly>
<bounds x="561" y="376" width="241" height="166"/>
</OView>
<OView class="oracle.dbtools.crest.swingui.relational.TVTable" oid="B74A1F0A-F640-547A-8533-02D1D32F124A" otype="Table" vid="D480EE43-BCF7-2985-47AF-395BB94DC519">
<hideElementsInCurrentOnly>false</hideElementsInCurrentOnly>
<bounds x="360" y="79" width="123" height="34"/>
</OView>
<OView class="oracle.dbtools.crest.swingui.relational.TVTable" oid="BFAC6896-8488-B8BE-DC4C-087C2E112C9F" otype="Table" vid="260E98E4-458C-4F82-5EA4-4BE93373672D">
<hideElementsInCurrentOnly>false</hideElementsInCurrentOnly>
<bounds x="972" y="143" width="210" height="112"/>
</OView>
<OView class="oracle.dbtools.crest.swingui.relational.TVTable" oid="C6B05ADA-33C7-4530-4781-B1855F4EE095" otype="Table" vid="AA24C7A4-4C05-B56D-BF24-AB3059B20B6E">
<hideElementsInCurrentOnly>false</hideElementsInCurrentOnly>
<bounds x="229" y="15" width="293" height="218"/>
</OView>
<OView class="oracle.dbtools.crest.swingui.relational.TVTable" oid="DEA9A475-37B6-E083-3D3F-CB1977971F48" otype="Table" vid="E4669155-52D7-157D-09E1-D9252A91F096">
<hideElementsInCurrentOnly>false</hideElementsInCurrentOnly>
<bounds x="576" y="0" width="163" height="84"/>
</OView>
<OView class="oracle.dbtools.crest.swingui.relational.TVTable" oid="F77BFBFF-3796-2DC1-1A73-DDAD7B17CC24" otype="Table" vid="A6BA73C1-B292-1569-54C3-5DAA84DCB011">
<hideElementsInCurrentOnly>false</hideElementsInCurrentOnly>
<bounds x="890" y="361" width="356" height="149"/>
</OView>
</objectViews>
<connectors>
<Connector class="oracle.dbtools.crest.swingui.relational.TVFKRelation" oid="0798FDF2-42B6-E747-B079-1E33C12216B7" otype="FKIndexAssociation" vid_source="89FB7E30-BC61-EE2A-06B2-2D40A229865A" vid_target="AA24C7A4-4C05-B56D-BF24-AB3059B20B6E">
<hideElementsInCurrentOnly>false</hideElementsInCurrentOnly>
<backgroundColor>-16777216</backgroundColor>
<lineWidth>1</lineWidth>
<points>
<point x="175" y="57"/>
<point x="229" y="57"/>
</points>
</Connector>
<Connector class="oracle.dbtools.crest.swingui.relational.TVFKRelation" oid="20754E9D-5E63-5028-9296-760DC245515C" otype="FKIndexAssociation" vid_source="260E98E4-458C-4F82-5EA4-4BE93373672D" vid_target="C44F02DD-B222-FB03-C25F-E68B4560E745">
<hideElementsInCurrentOnly>false</hideElementsInCurrentOnly>
<backgroundColor>-16777216</backgroundColor>
<lineWidth>1</lineWidth>
<points>
<point x="972" y="199"/>
<point x="900" y="199"/>
</points>
</Connector>
<Connector class="oracle.dbtools.crest.swingui.relational.TVFKRelation" oid="243CFC75-515A-53AE-06C2-183A047A52DC" otype="FKIndexAssociation" vid_source="6EDC2BEE-0ED3-4C6F-3809-557F89D181D5" vid_target="0CBE3D4F-6586-ED11-4618-54F081CAFF8D">
<hideElementsInCurrentOnly>false</hideElementsInCurrentOnly>
<backgroundColor>-16777216</backgroundColor>
<lineWidth>1</lineWidth>
<points>
<point x="491" y="431"/>
<point x="561" y="431"/>
</points>
</Connector>
<Connector class="oracle.dbtools.crest.swingui.relational.TVFKRelation" oid="2E2A9D2A-30E6-C46E-A84C-EF89A1267187" otype="FKIndexAssociation" vid_source="AA24C7A4-4C05-B56D-BF24-AB3059B20B6E" vid_target="BC022980-F346-2AB1-F0B4-F910C48D3820">
<hideElementsInCurrentOnly>false</hideElementsInCurrentOnly>
<backgroundColor>-16777216</backgroundColor>
<lineWidth>1</lineWidth>
<points>
<point x="522" y="142"/>
<point x="364" y="142"/>
</points>
</Connector>
<Connector class="oracle.dbtools.crest.swingui.relational.TVFKRelation" oid="4644C7BB-0CC8-3FDA-BCE0-357BC8429F08" otype="FKIndexAssociation" vid_source="AA24C7A4-4C05-B56D-BF24-AB3059B20B6E" vid_target="6EDC2BEE-0ED3-4C6F-3809-557F89D181D5">
<hideElementsInCurrentOnly>false</hideElementsInCurrentOnly>
<backgroundColor>-16777216</backgroundColor>
<lineWidth>1</lineWidth>
<points>
<point x="376" y="233"/>
<point x="376" y="276"/>
</points>
</Connector>
<Connector class="oracle.dbtools.crest.swingui.relational.TVFKRelation" oid="4BBD8792-A0C7-421C-C003-F23F5543561C" otype="FKIndexAssociation" vid_source="CC2CF6D1-7FBF-C50C-6359-77DB0F629212" vid_target="6EDC2BEE-0ED3-4C6F-3809-557F89D181D5">
<hideElementsInCurrentOnly>false</hideElementsInCurrentOnly>
<backgroundColor>-16777216</backgroundColor>
<lineWidth>1</lineWidth>
<points>
<point x="391" y="531"/>
<point x="391" y="487"/>
</points>
</Connector>
<Connector class="oracle.dbtools.crest.swingui.relational.TVFKRelation" oid="5C32677C-5E50-C0C9-B5E4-0468120BD858" otype="FKIndexAssociation" vid_source="E0CB154F-14B1-7336-1C15-A3A64C07CF56" vid_target="C44F02DD-B222-FB03-C25F-E68B4560E745">
<hideElementsInCurrentOnly>false</hideElementsInCurrentOnly>
<backgroundColor>-16777216</backgroundColor>
<lineWidth>1</lineWidth>
<points>
<point x="829" y="86"/>
<point x="829" y="125"/>
</points>
</Connector>
<Connector class="oracle.dbtools.crest.swingui.relational.TVFKRelation" oid="5FFF1D33-6C99-D75D-CA15-0B7FA90CADBE" otype="FKIndexAssociation" vid_source="AA24C7A4-4C05-B56D-BF24-AB3059B20B6E" vid_target="BE312489-6D27-FF66-6214-1E498A13D6D1">
<hideElementsInCurrentOnly>false</hideElementsInCurrentOnly>
<backgroundColor>-16777216</backgroundColor>
<lineWidth>1</lineWidth>
<points>
<point x="522" y="193"/>
<point x="367" y="193"/>
</points>
</Connector>
<Connector class="oracle.dbtools.crest.swingui.relational.TVFKRelation" oid="81AD6FA9-BF49-71DF-95CB-90EC2A51170C" otype="FKIndexAssociation" vid_source="E2E503E3-4F73-853D-F21B-7AD4BF9C89DE" vid_target="E4AD37C2-41F9-4002-0C76-90A0C2785E2B">
<hideElementsInCurrentOnly>false</hideElementsInCurrentOnly>
<backgroundColor>-16777216</backgroundColor>
<lineWidth>1</lineWidth>
<points>
<point x="117" y="491"/>
<point x="117" y="425"/>
</points>
</Connector>
<Connector class="oracle.dbtools.crest.swingui.relational.TVFKRelation" oid="8E3E66FF-2A88-47C6-8E20-194F066EA0A1" otype="FKIndexAssociation" vid_source="5BB7D8AB-16B6-07DD-C0A5-BF8FD75915D3" vid_target="AA24C7A4-4C05-B56D-BF24-AB3059B20B6E">
<hideElementsInCurrentOnly>false</hideElementsInCurrentOnly>
<backgroundColor>-16777216</backgroundColor>
<lineWidth>1</lineWidth>
<points>
<point x="201" y="184"/>
<point x="229" y="184"/>
</points>
</Connector>
<Connector class="oracle.dbtools.crest.swingui.relational.TVFKRelation" oid="914480FC-827B-95C1-00C1-88330242FB6B" otype="FKIndexAssociation" vid_source="0CBE3D4F-6586-ED11-4618-54F081CAFF8D" vid_target="A6BA73C1-B292-1569-54C3-5DAA84DCB011">
<hideElementsInCurrentOnly>false</hideElementsInCurrentOnly>
<backgroundColor>-16777216</backgroundColor>
<lineWidth>1</lineWidth>
<points>
<point x="802" y="443"/>
<point x="890" y="443"/>
</points>
</Connector>
<Connector class="oracle.dbtools.crest.swingui.relational.TVFKRelation" oid="91FE8C62-47C0-BAF2-0471-8A4425C47AA8" otype="FKIndexAssociation" vid_source="C44F02DD-B222-FB03-C25F-E68B4560E745" vid_target="6EDC2BEE-0ED3-4C6F-3809-557F89D181D5">
<hideElementsInCurrentOnly>false</hideElementsInCurrentOnly>
<backgroundColor>-16777216</backgroundColor>
<lineWidth>1</lineWidth>
<points>
<point x="550" y="305"/>
<point x="491" y="305"/>
</points>
</Connector>
<Connector class="oracle.dbtools.crest.swingui.relational.TVFKRelation" oid="92530764-B9A8-DD52-7932-8F7690F19F43" otype="FKIndexAssociation" vid_source="6EDC2BEE-0ED3-4C6F-3809-557F89D181D5" vid_target="CC2CF6D1-7FBF-C50C-6359-77DB0F629212">
<hideElementsInCurrentOnly>false</hideElementsInCurrentOnly>
<backgroundColor>-16777216</backgroundColor>
<lineWidth>1</lineWidth>
<points>
<point x="376" y="487"/>
<point x="376" y="531"/>
</points>
</Connector>
<Connector class="oracle.dbtools.crest.swingui.relational.TVFKRelation" oid="C68F51CF-2A8F-D8C6-E2F6-48084E71E589" otype="FKIndexAssociation" vid_source="E4AD37C2-41F9-4002-0C76-90A0C2785E2B" vid_target="5BB7D8AB-16B6-07DD-C0A5-BF8FD75915D3">
<hideElementsInCurrentOnly>false</hideElementsInCurrentOnly>
<backgroundColor>-16777216</backgroundColor>
<lineWidth>1</lineWidth>
<points>
<point x="101" y="322"/>
<point x="101" y="266"/>
</points>
</Connector>
<Connector class="oracle.dbtools.crest.swingui.relational.TVFKRelation" oid="CB22D71C-2119-5BA5-1AEB-DD1C9BA35016" otype="FKIndexAssociation" vid_source="AA24C7A4-4C05-B56D-BF24-AB3059B20B6E" vid_target="D480EE43-BCF7-2985-47AF-395BB94DC519">
<hideElementsInCurrentOnly>false</hideElementsInCurrentOnly>
<backgroundColor>-16777216</backgroundColor>
<lineWidth>1</lineWidth>
<points>
<point x="522" y="96"/>
<point x="360" y="96"/>
</points>
</Connector>
<Connector class="oracle.dbtools.crest.swingui.relational.TVFKRelation" oid="CCF90CE3-4C79-C0A2-D0AD-96F624030BD5" otype="FKIndexAssociation" vid_source="C44F02DD-B222-FB03-C25F-E68B4560E745" vid_target="0CBE3D4F-6586-ED11-4618-54F081CAFF8D">
<hideElementsInCurrentOnly>false</hideElementsInCurrentOnly>
<backgroundColor>-16777216</backgroundColor>
<lineWidth>1</lineWidth>
<points>
<point x="681" y="334"/>
<point x="681" y="376"/>
</points>
</Connector>
<Connector class="oracle.dbtools.crest.swingui.relational.TVFKRelation" oid="E5E705E8-A5C8-9C07-0DF0-ECBFE2888D7C" otype="FKIndexAssociation" vid_source="AA24C7A4-4C05-B56D-BF24-AB3059B20B6E" vid_target="5BB7D8AB-16B6-07DD-C0A5-BF8FD75915D3">
<hideElementsInCurrentOnly>false</hideElementsInCurrentOnly>
<backgroundColor>-16777216</backgroundColor>
<lineWidth>1</lineWidth>
<points>
<point x="229" y="169"/>
<point x="201" y="169"/>
</points>
</Connector>
<Connector class="oracle.dbtools.crest.swingui.relational.TVFKRelation" oid="EF9E0EFE-98DB-E97A-819C-2D8E6A4546B3" otype="FKIndexAssociation" vid_source="E4669155-52D7-157D-09E1-D9252A91F096" vid_target="C44F02DD-B222-FB03-C25F-E68B4560E745">
<hideElementsInCurrentOnly>false</hideElementsInCurrentOnly>
<backgroundColor>-16777216</backgroundColor>
<lineWidth>1</lineWidth>
<points>
<point x="657" y="84"/>
<point x="657" y="125"/>
</points>
</Connector>
<Connector class="oracle.dbtools.crest.swingui.relational.TVFKRelation" oid="F21A763B-7580-CBCE-58F0-2ED7FC7274B6" otype="FKIndexAssociation" vid_source="C44F02DD-B222-FB03-C25F-E68B4560E745" vid_target="C44F02DD-B222-FB03-C25F-E68B4560E745">
<hideElementsInCurrentOnly>false</hideElementsInCurrentOnly>
<backgroundColor>-16777216</backgroundColor>
<lineWidth>1</lineWidth>
<points>
<point x="900" y="250"/>
<point x="959" y="250"/>
<point x="961" y="351"/>
<point x="721" y="351"/>
<point x="721" y="334"/>
</points>
</Connector>
</connectors>
<arcs>
<Arc class="oracle.dbtools.crest.swingui.relational.TVFKArc" oid="F2CDBF08-D99F-3A54-D0F2-48847CD4C55B" otype="FKArc" vid="B9AADDB5-0528-2FA6-E0D3-2534EAB5D1D6">
<hideElementsInCurrentOnly>false</hideElementsInCurrentOnly>
<bounds x="209" y="-5" width="333" height="258"/>
</Arc>
</arcs>
</Diagram>