<?xml version = '1.0' encoding = 'UTF-8'?>
<Table class="oracle.dbtools.crest.model.design.relational.Table" directorySegmentName="seg_0" id="1DD8336F-33CF-0C0A-87FE-D5B215338895" name="MEDICO">
<createdBy>fifam</createdBy>
<createdTime>2025-09-12 01:45:39 UTC</createdTime>
<generatorID>0A1FC3B6-E150-4803-A468-CDB6798827CA</generatorID>
<ownerDesignName>centromedico</ownerDesignName>
<allowColumnReorder>false</allowColumnReorder>
<existDependencyGenerateInDDl>true</existDependencyGenerateInDDl>
<parsed>true</parsed>
<columns itemClass="oracle.dbtools.crest.model.design.relational.Column">
<Column name="rut" id="DA3D0570-1994-B453-E85A-D7F3C2AF3387">
<createdBy>fifam</createdBy>
<createdTime>2025-09-12 01:45:39 UTC</createdTime>
<generatorID>10DF31C8-D8C4-163A-61BE-09909A763FD0</generatorID>
<ownerDesignName>centromedico</ownerDesignName>
<useDomainConstraints>false</useDomainConstraints>
<use>1</use>
<logicalDatatype>LOGDT024</logicalDatatype>
<dataTypeSize>12</dataTypeSize>
<ownDataTypeParameters>12,,</ownDataTypeParameters>
<autoIncrementCycle>false</autoIncrementCycle>
</Column>
<Column name="nombre_completo" id="C3078CF8-8D28-1629-B759-DA9F34058AB3">
<createdBy>fifam</createdBy>
<createdTime>2025-09-12 01:45:39 UTC</createdTime>
<generatorID>1569820C-E676-6455-20FF-561E44783CE7</generatorID>
<ownerDesignName>centromedico</ownerDesignName>
<useDomainConstraints>false</useDomainConstraints>
<use>1</use>
<logicalDatatype>LOGDT024</logicalDatatype>
<dataTypeSize>50</dataTypeSize>
<ownDataTypeParameters>50,,</ownDataTypeParameters>
<autoIncrementCycle>false</autoIncrementCycle>
</Column>
<Column name="fecha_ingreso" id="54646229-3D87-63AC-205B-C822E3D5CE51">
<createdBy>fifam</createdBy>
<createdTime>2025-09-12 01:45:39 UTC</createdTime>
<generatorID>D1F17E83-465F-AB00-A3DA-69D292FA1A72</generatorID>
<ownerDesignName>centromedico</ownerDesignName>
<useDomainConstraints>false</useDomainConstraints>
<use>1</use>
<logicalDatatype>LOGDT007</logicalDatatype>
<ownDataTypeParameters>,,</ownDataTypeParameters>
<autoIncrementCycle>false</autoIncrementCycle>
</Column>
<Column name="MEDICO_rut" id="E4FB392B-6898-C84C-0F8E-1A5818E130A4">
<createdBy>fifam</createdBy>
<createdTime>2025-09-12 01:45:39 UTC</createdTime>
<generatorID>09530AB4-A656-A51C-359F-7B11DE993514</generatorID>
<ownerDesignName>centromedico</ownerDesignName>
<useDomainConstraints>false</useDomainConstraints>
<use>1</use>
<logicalDatatype>LOGDT024</logicalDatatype>
<dataTypeSize>12</dataTypeSize>
<ownDataTypeParameters>,,</ownDataTypeParameters>
<previousColumn>false</previousColumn>
<autoIncrementCycle>false</autoIncrementCycle>
<associations>
<colAssociation fkAssociation="F21A763B-7580-CBCE-58F0-2ED7FC7274B6" referredColumn="DA3D0570-1994-B453-E85A-D7F3C2AF3387"/>
</associations>
</Column>
<Column name="ESPECIALIDAD_id_especialidad" id="E18550BE-D07C-D192-F49B-97653176D230">
<createdBy>fifam</createdBy>
<createdTime>2025-09-12 14:17:28 UTC</createdTime>
<generatorID>B1C41619-A7B1-61EE-08CF-BB8A28AB83A6</generatorID>
<ownerDesignName>centromedico</ownerDesignName>
<useDomainConstraints>false</useDomainConstraints>
<use>1</use>
<logicalDatatype>LOGDT024</logicalDatatype>
<dataTypeSize>50</dataTypeSize>
<ownDataTypeParameters>50,,</ownDataTypeParameters>
<previousColumn>false</previousColumn>
<autoIncrementCycle>false</autoIncrementCycle>
<associations>
<colAssociation fkAssociation="20754E9D-5E63-5028-9296-760DC245515C" referredColumn="2090082A-C99F-C6C2-1EBE-543D460921F5"/>
</associations>
</Column>
<Column name="AFP_id_afp" id="22E432D2-9266-6C18-C051-FF5E45EC3466">
<createdBy>fifam</createdBy>
<createdTime>2025-09-12 14:17:28 UTC</createdTime>
<generatorID>1AAEF84A-0E64-9ADE-BEA6-95A589AB4720</generatorID>
<ownerDesignName>centromedico</ownerDesignName>
<useDomainConstraints>false</useDomainConstraints>
<use>1</use>
<logicalDatatype>LOGDT024</logicalDatatype>
<dataTypeSize>50</dataTypeSize>
<ownDataTypeParameters>,,</ownDataTypeParameters>
<previousColumn>false</previousColumn>
<autoIncrementCycle>false</autoIncrementCycle>
<associations>
<colAssociation fkAssociation="EF9E0EFE-98DB-E97A-819C-2D8E6A4546B3" referredColumn="A1091B82-1820-4A16-6577-3B13871F99E4"/>
</associations>
</Column>
<Column name="INSTITUCION_SALUD_id_institucion" id="60F4DC49-7533-AED6-52A8-D90F0FF4D76F">
<createdBy>fifam</createdBy>
<createdTime>2025-09-12 14:17:28 UTC</createdTime>
<generatorID>01295C20-1495-7615-B064-3FB3F72736F3</generatorID>
<ownerDesignName>centromedico</ownerDesignName>
<useDomainConstraints>false</useDomainConstraints>
<use>1</use>
<logicalDatatype>LOGDT024</logicalDatatype>
<dataTypeSize>100</dataTypeSize>
<ownDataTypeParameters>,,</ownDataTypeParameters>
<previousColumn>false</previousColumn>
<autoIncrementCycle>false</autoIncrementCycle>
<associations>
<colAssociation fkAssociation="5C32677C-5E50-C0C9-B5E4-0468120BD858" referredColumn="70B4C4A6-E77F-7D20-3111-0458FAF6323A"/>
</associations>
</Column>
</columns>
<indexes itemClass="oracle.dbtools.crest.model.design.relational.Index">
<ind_PK_UK id="058F18B9-8828-AAD0-27AC-1AD879238D4E" name="PK_MEDICO">
<createdBy>fifam</createdBy>
<createdTime>2025-09-12 01:45:39 UTC</createdTime>
<generatorID>7AE5E89F-0C30-228F-F244-FC519AFA4425</generatorID>
<ownerDesignName>centromedico</ownerDesignName>
<pk>true</pk>
<indexState>Primary Constraint</indexState>
<isSurrogateKey>false</isSurrogateKey>
<indexColumnUsage>
<colUsage columnID="DA3D0570-1994-B453-E85A-D7F3C2AF3387"/>
</indexColumnUsage>
</ind_PK_UK>
<ind_PK_UK id="B322096A-C2D8-E3AC-B1D2-7D3E84BE5EFD" name="MEDICO_MEDICO_FK">
<createdBy>fifam</createdBy>
<createdTime>2025-09-12 01:45:39 UTC</createdTime>
<generatorID>813BCF97-D9F0-3FDE-9ABE-6F19CE38B20A</generatorID>
<ownerDesignName>centromedico</ownerDesignName>
<indexState>Foreign Key</indexState>
<isSurrogateKey>false</isSurrogateKey>
<indexColumnUsage>
<colUsage columnID="E4FB392B-6898-C84C-0F8E-1A5818E130A4"/>
</indexColumnUsage>
</ind_PK_UK>
<ind_PK_UK id="E4DA98DC-88E8-0776-FE6E-85FEAA6D07AD" name="MEDICO_AFP_FK">
<createdBy>fifam</createdBy>
<createdTime>2025-09-12 14:17:28 UTC</createdTime>
<generatorID>BEBD2FCA-16F7-690A-D1C9-78EF4ABAAA3A</generatorID>
<ownerDesignName>centromedico</ownerDesignName>
<indexState>Foreign Key</indexState>
<isSurrogateKey>false</isSurrogateKey>
<indexColumnUsage>
<colUsage columnID="22E432D2-9266-6C18-C051-FF5E45EC3466"/>
</indexColumnUsage>
</ind_PK_UK>
<ind_PK_UK id="A8982319-4674-1256-43E7-3AA2DAE3EB21" name="MEDICO_ESPECIALIDAD_FK">
<createdBy>fifam</createdBy>
<createdTime>2025-09-12 14:17:28 UTC</createdTime>
<generatorID>62EFB0CF-0F40-2E76-34AE-12E6E34BB61C</generatorID>
<ownerDesignName>centromedico</ownerDesignName>
<indexState>Foreign Key</indexState>
<isSurrogateKey>false</isSurrogateKey>
<indexColumnUsage>
<colUsage columnID="E18550BE-D07C-D192-F49B-97653176D230"/>
</indexColumnUsage>
</ind_PK_UK>
<ind_PK_UK id="7E4D787D-35DB-23BC-744D-FF9C7A338BC5" name="MEDICO_INSTITUCION_SALUD_FK">
<createdBy>fifam</createdBy>
<createdTime>2025-09-12 14:17:28 UTC</createdTime>
<generatorID>A5FBC82D-148A-9381-A4D4-AD616EFEF7F7</generatorID>
<ownerDesignName>centromedico</ownerDesignName>
<indexState>Foreign Key</indexState>
<isSurrogateKey>false</isSurrogateKey>
<indexColumnUsage>
<colUsage columnID="60F4DC49-7533-AED6-52A8-D90F0FF4D76F"/>
</indexColumnUsage>
</ind_PK_UK>
</indexes>
</Table>