<?xml version = '1.0' encoding = 'UTF-8'?>
<Table class="oracle.dbtools.crest.model.design.relational.Table" directorySegmentName="seg_0" id="49858CCB-B770-1946-E9BA-0FEED0B1E9C1" name="FICHA_ATENCION">
<createdBy>fifam</createdBy>
<createdTime>2025-09-12 01:45:39 UTC</createdTime>
<generatorID>1062751B-CAA4-0AD9-F13B-45AC7A5169F1</generatorID>
<ownerDesignName>centromedico</ownerDesignName>
<allowColumnReorder>false</allowColumnReorder>
<existDependencyGenerateInDDl>true</existDependencyGenerateInDDl>
<parsed>true</parsed>
<columns itemClass="oracle.dbtools.crest.model.design.relational.Column">
<Column name="id_ficha" id="1F70FD06-CE67-2C1C-05FB-44688B097C59">
<createdBy>fifam</createdBy>
<createdTime>2025-09-12 01:45:39 UTC</createdTime>
<generatorID>D82DA43F-8487-E4F2-5535-6BD8372BEF3B</generatorID>
<ownerDesignName>centromedico</ownerDesignName>
<useDomainConstraints>false</useDomainConstraints>
<use>1</use>
<logicalDatatype>LOGDT024</logicalDatatype>
<dataTypeSize>30</dataTypeSize>
<ownDataTypeParameters>30,,</ownDataTypeParameters>
<autoIncrementCycle>false</autoIncrementCycle>
</Column>
<Column name="fecha" id="E413ADD9-00DE-3A76-16C8-C34ED12DD7C1">
<createdBy>fifam</createdBy>
<createdTime>2025-09-12 01:45:39 UTC</createdTime>
<generatorID>5C23B4D2-47FF-AEBC-0A72-C53FD77EEFC1</generatorID>
<ownerDesignName>centromedico</ownerDesignName>
<useDomainConstraints>false</useDomainConstraints>
<use>1</use>
<logicalDatatype>LOGDT007</logicalDatatype>
<ownDataTypeParameters>,,</ownDataTypeParameters>
<autoIncrementCycle>false</autoIncrementCycle>
</Column>
<Column name="hora" id="362F1D26-5370-7355-98D6-5821B80D0183">
<createdBy>fifam</createdBy>
<createdTime>2025-09-12 01:45:39 UTC</createdTime>
<generatorID>FA6F0C2A-B82C-F368-6A36-897A4BBA546B</generatorID>
<ownerDesignName>centromedico</ownerDesignName>
<useDomainConstraints>false</useDomainConstraints>
<use>1</use>
<logicalDatatype>LOGDT047</logicalDatatype>
<ownDataTypeParameters>,,</ownDataTypeParameters>
<autoIncrementCycle>false</autoIncrementCycle>
</Column>
<Column name="diagnostico" id="E7376EDB-74E9-FD44-80F7-423A268C7965">
<createdBy>fifam</createdBy>
<createdTime>2025-09-12 01:45:39 UTC</createdTime>
<generatorID>9E098EF3-483E-707D-AE59-B8DFEBB6E203</generatorID>
<ownerDesignName>centromedico</ownerDesignName>
<useDomainConstraints>false</useDomainConstraints>
<use>1</use>
<logicalDatatype>LOGDT024</logicalDatatype>
<dataTypeSize>100</dataTypeSize>
<ownDataTypeParameters>100,,</ownDataTypeParameters>
<autoIncrementCycle>false</autoIncrementCycle>
</Column>
<Column name="PACIENTE_rut" id="98710058-A804-A3EC-065A-C26796BF8EAD">
<createdBy>fifam</createdBy>
<createdTime>2025-09-12 01:45:39 UTC</createdTime>
<generatorID>245F0F37-9DD2-D3AD-27E7-789BA6E6BB85</generatorID>
<ownerDesignName>centromedico</ownerDesignName>
<useDomainConstraints>false</useDomainConstraints>
<use>1</use>
<logicalDatatype>LOGDT024</logicalDatatype>
<dataTypeSize>12</dataTypeSize>
<ownDataTypeParameters>,,</ownDataTypeParameters>
<previousColumn>false</previousColumn>
<autoIncrementCycle>false</autoIncrementCycle>
<associations>
<colAssociation fkAssociation="4644C7BB-0CC8-3FDA-BCE0-357BC8429F08" referredColumn="8DCBF82F-3266-5810-5A05-87A784E54B0B"/>
</associations>
</Column>
<Column name="MEDICO_rut" id="D7CBA8F4-31C8-F5BD-03DA-84E9311C0CB5">
<createdBy>fifam</createdBy>
<createdTime>2025-09-12 01:45:39 UTC</createdTime>
<generatorID>49AD12CD-A027-3E3E-ABD5-505B25DC8457</generatorID>
<ownerDesignName>centromedico</ownerDesignName>
<useDomainConstraints>false</useDomainConstraints>
<use>1</use>
<logicalDatatype>LOGDT024</logicalDatatype>
<dataTypeSize>12</dataTypeSize>
<ownDataTypeParameters>,,</ownDataTypeParameters>
<previousColumn>false</previousColumn>
<autoIncrementCycle>false</autoIncrementCycle>
<associations>
<colAssociation fkAssociation="91FE8C62-47C0-BAF2-0471-8A4425C47AA8" referredColumn="DA3D0570-1994-B453-E85A-D7F3C2AF3387"/>
</associations>
</Column>
<Column name="PAGO_id_pago" id="00462230-B1C0-9B0D-A36E-4BACFA9F675B">
<createdBy>fifam</createdBy>
<createdTime>2025-09-12 14:17:28 UTC</createdTime>
<generatorID>134B60E6-168C-DBBF-A7CA-74CEAF8F0B8E</generatorID>
<ownerDesignName>centromedico</ownerDesignName>
<useDomainConstraints>false</useDomainConstraints>
<use>1</use>
<logicalDatatype>LOGDT024</logicalDatatype>
<dataTypeSize>30</dataTypeSize>
<ownDataTypeParameters>,,</ownDataTypeParameters>
<previousColumn>false</previousColumn>
<autoIncrementCycle>false</autoIncrementCycle>
<associations>
<colAssociation fkAssociation="4BBD8792-A0C7-421C-C003-F23F5543561C" referredColumn="E3D0DD14-9B96-E468-89D3-0750AAB5888B"/>
</associations>
</Column>
</columns>
<indexes itemClass="oracle.dbtools.crest.model.design.relational.Index">
<ind_PK_UK id="60B34CDA-B5F0-58EF-3F75-46402CD67072" name="PK_FICHA_ATENCION">
<createdBy>fifam</createdBy>
<createdTime>2025-09-12 01:45:39 UTC</createdTime>
<generatorID>ED2CCEA5-E7CF-353B-4E8C-FD1B94AD4E03</generatorID>
<ownerDesignName>centromedico</ownerDesignName>
<pk>true</pk>
<indexState>Primary Constraint</indexState>
<isSurrogateKey>false</isSurrogateKey>
<indexColumnUsage>
<colUsage columnID="1F70FD06-CE67-2C1C-05FB-44688B097C59"/>
</indexColumnUsage>
</ind_PK_UK>
<ind_PK_UK id="F530489A-F83F-39EE-63A4-1CE12B7DF175" name="FICHA_ATENCION__IDX">
<createdBy>fifam</createdBy>
<createdTime>2025-09-12 14:17:28 UTC</createdTime>
<ownerDesignName>centromedico</ownerDesignName>
<indexState>Unique Plain Index</indexState>
<isSurrogateKey>false</isSurrogateKey>
<relationGeneratorID>D6647B3F-43DE-EFC2-9C3A-33BA8777B5E0</relationGeneratorID>
<indexColumnUsage>
<colUsage columnID="00462230-B1C0-9B0D-A36E-4BACFA9F675B"/>
</indexColumnUsage>
</ind_PK_UK>
<ind_PK_UK id="3FA4957D-ABCF-B5FD-6D6D-41162BFBDA6D" name="FICHA_ATENCION_MEDICO_FK">
<createdBy>fifam</createdBy>
<createdTime>2025-09-12 01:45:39 UTC</createdTime>
<generatorID>0E02017A-525B-FBA5-534F-F3269CF1DA45</generatorID>
<ownerDesignName>centromedico</ownerDesignName>
<indexState>Foreign Key</indexState>
<isSurrogateKey>false</isSurrogateKey>
<indexColumnUsage>
<colUsage columnID="D7CBA8F4-31C8-F5BD-03DA-84E9311C0CB5"/>
</indexColumnUsage>
</ind_PK_UK>
<ind_PK_UK id="370C5D02-1D75-40EC-EE08-59D5D58EC275" name="FICHA_ATENCION_PACIENTE_FK">
<createdBy>fifam</createdBy>
<createdTime>2025-09-12 01:45:39 UTC</createdTime>
<generatorID>079F16E5-3A25-4880-9332-FB6D7B4DCC85</generatorID>
<ownerDesignName>centromedico</ownerDesignName>
<indexState>Foreign Key</indexState>
<isSurrogateKey>false</isSurrogateKey>
<indexColumnUsage>
<colUsage columnID="98710058-A804-A3EC-065A-C26796BF8EAD"/>
</indexColumnUsage>
</ind_PK_UK>
<ind_PK_UK id="F3B22D4C-F29C-FB75-312C-8975BF222CBE" name="FICHA_ATENCION_PAGO_FK">
<createdBy>fifam</createdBy>
<createdTime>2025-09-12 14:17:28 UTC</createdTime>
<generatorID>D6647B3F-43DE-EFC2-9C3A-33BA8777B5E0</generatorID>
<ownerDesignName>centromedico</ownerDesignName>
<indexState>Foreign Key</indexState>
<isSurrogateKey>false</isSurrogateKey>
<indexColumnUsage>
<colUsage columnID="00462230-B1C0-9B0D-A36E-4BACFA9F675B"/>
</indexColumnUsage>
</ind_PK_UK>
</indexes>
</Table>