<?xml version = '1.0' encoding = 'UTF-8'?>
<Table class="oracle.dbtools.crest.model.design.relational.Table" directorySegmentName="seg_0" id="5F09EB94-183C-B005-D878-615DA030DFE3" name="DIRECCION">
<createdBy>fifam</createdBy>
<createdTime>2025-09-12 01:45:39 UTC</createdTime>
<generatorID>4B4DE3B4-54BE-2A8D-BCF9-4BA905201915</generatorID>
<ownerDesignName>centromedico</ownerDesignName>
<allowColumnReorder>false</allowColumnReorder>
<existDependencyGenerateInDDl>true</existDependencyGenerateInDDl>
<parsed>true</parsed>
<columns itemClass="oracle.dbtools.crest.model.design.relational.Column">
<Column name="id_direccion" id="8859FA3A-F0B5-5EA6-29DB-E4DE8D99A15A">
<createdBy>fifam</createdBy>
<createdTime>2025-09-12 01:45:39 UTC</createdTime>
<generatorID>7FDEC99A-0E45-5DBE-619F-26FA8B53F05D</generatorID>
<ownerDesignName>centromedico</ownerDesignName>
<useDomainConstraints>false</useDomainConstraints>
<use>1</use>
<logicalDatatype>LOGDT024</logicalDatatype>
<dataTypeSize>50</dataTypeSize>
<ownDataTypeParameters>50,,</ownDataTypeParameters>
<autoIncrementCycle>false</autoIncrementCycle>
</Column>
<Column name="calle" id="3CDAC7B3-B2F7-967D-B699-3EFBFC03BA00">
<createdBy>fifam</createdBy>
<createdTime>2025-09-12 01:45:39 UTC</createdTime>
<generatorID>4AD065F5-0D8F-B180-540E-4B7DE066B270</generatorID>
<ownerDesignName>centromedico</ownerDesignName>
<useDomainConstraints>false</useDomainConstraints>
<use>1</use>
<logicalDatatype>LOGDT024</logicalDatatype>
<dataTypeSize>100</dataTypeSize>
<ownDataTypeParameters>100,,</ownDataTypeParameters>
<autoIncrementCycle>false</autoIncrementCycle>
</Column>
<Column name="numeracion" id="F45A6FAF-241F-7F0F-3D31-B855CDF4EF0E">
<createdBy>fifam</createdBy>
<createdTime>2025-09-12 01:45:39 UTC</createdTime>
<generatorID>071B6953-38AA-5292-DCE1-CABF2108B7D7</generatorID>
<ownerDesignName>centromedico</ownerDesignName>
<useDomainConstraints>false</useDomainConstraints>
<use>1</use>
<logicalDatatype>LOGDT024</logicalDatatype>
<dataTypeSize>50</dataTypeSize>
<ownDataTypeParameters>50,,</ownDataTypeParameters>
<autoIncrementCycle>false</autoIncrementCycle>
</Column>
<Column name="departamento" id="067F89ED-EAB8-F919-E4CD-D8F85A4B6FD2">
<createdBy>fifam</createdBy>
<createdTime>2025-09-12 01:45:39 UTC</createdTime>
<generatorID>B2546B6E-D734-61DC-83EC-3A01F0123BE4</generatorID>
<ownerDesignName>centromedico</ownerDesignName>
<useDomainConstraints>false</useDomainConstraints>
<use>1</use>
<logicalDatatype>LOGDT024</logicalDatatype>
<dataTypeSize>50</dataTypeSize>
<ownDataTypeParameters>50,,</ownDataTypeParameters>
<autoIncrementCycle>false</autoIncrementCycle>
</Column>
<Column name="COMUNA_id_comuna" id="372A9096-1DC2-4749-30FF-85605BC258C7">
<createdBy>fifam</createdBy>
<createdTime>2025-09-12 01:45:39 UTC</createdTime>
<generatorID>10E7DBB2-0D18-D298-FD9E-4B9F67443A7A</generatorID>
<ownerDesignName>centromedico</ownerDesignName>
<useDomainConstraints>false</useDomainConstraints>
<use>1</use>
<logicalDatatype>LOGDT024</logicalDatatype>
<dataTypeSize>30</dataTypeSize>
<ownDataTypeParameters>,,</ownDataTypeParameters>
<previousColumn>false</previousColumn>
<autoIncrementCycle>false</autoIncrementCycle>
<associations>
<colAssociation fkAssociation="C68F51CF-2A8F-D8C6-E2F6-48084E71E589" referredColumn="0C763611-7753-F4E1-D6B9-3A0DED0359A1"/>
</associations>
</Column>
<Column name="PACIENTE_rut" id="26A4FBF6-7D32-5B40-E73C-257624621370">
<createdBy>fifam</createdBy>
<createdTime>2025-09-12 01:45:39 UTC</createdTime>
<generatorID>B6284018-EAE1-AC3D-3E9C-613E590ABCEC</generatorID>
<ownerDesignName>centromedico</ownerDesignName>
<useDomainConstraints>false</useDomainConstraints>
<use>1</use>
<logicalDatatype>LOGDT024</logicalDatatype>
<dataTypeSize>12</dataTypeSize>
<ownDataTypeParameters>,,</ownDataTypeParameters>
<previousColumn>false</previousColumn>
<autoIncrementCycle>false</autoIncrementCycle>
<associations>
<colAssociation fkAssociation="E5E705E8-A5C8-9C07-0DF0-ECBFE2888D7C" referredColumn="8DCBF82F-3266-5810-5A05-87A784E54B0B"/>
</associations>
</Column>
</columns>
<indexes itemClass="oracle.dbtools.crest.model.design.relational.Index">
<ind_PK_UK id="60424637-963A-18A8-A5B8-2C6229190369" name="PK_DIRECCION">
<createdBy>fifam</createdBy>
<createdTime>2025-09-12 01:45:39 UTC</createdTime>
<generatorID>D14CFFC4-A0C8-C706-217A-612CC3A24190</generatorID>
<ownerDesignName>centromedico</ownerDesignName>
<pk>true</pk>
<indexState>Primary Constraint</indexState>
<isSurrogateKey>false</isSurrogateKey>
<indexColumnUsage>
<colUsage columnID="8859FA3A-F0B5-5EA6-29DB-E4DE8D99A15A"/>
</indexColumnUsage>
</ind_PK_UK>
<ind_PK_UK id="ED8A1CDA-94C9-93D7-F2A2-B5181C9A31BB" name="DIRECCION__IDX">
<createdBy>fifam</createdBy>
<createdTime>2025-09-12 01:45:39 UTC</createdTime>
<ownerDesignName>centromedico</ownerDesignName>
<indexState>Unique Plain Index</indexState>
<isSurrogateKey>false</isSurrogateKey>
<relationGeneratorID>517A2F1B-6638-8288-3AC8-CCFEC8D96197</relationGeneratorID>
<indexColumnUsage>
<colUsage columnID="26A4FBF6-7D32-5B40-E73C-257624621370"/>
</indexColumnUsage>
</ind_PK_UK>
<ind_PK_UK id="9F334794-235B-C25F-F72A-89D9B780BCCD" name="DIRECCION_COMUNA_FK">
<createdBy>fifam</createdBy>
<createdTime>2025-09-12 01:45:39 UTC</createdTime>
<generatorID>5958A6F4-9093-8A7B-953B-172D36E89B0D</generatorID>
<ownerDesignName>centromedico</ownerDesignName>
<indexState>Foreign Key</indexState>
<isSurrogateKey>false</isSurrogateKey>
<indexColumnUsage>
<colUsage columnID="372A9096-1DC2-4749-30FF-85605BC258C7"/>
</indexColumnUsage>
</ind_PK_UK>
<ind_PK_UK id="AE47F797-2DE8-2F1B-115C-13CC49E838FA" name="DIRECCION_PACIENTE_FK">
<createdBy>fifam</createdBy>
<createdTime>2025-09-12 14:17:28 UTC</createdTime>
<generatorID>517A2F1B-6638-8288-3AC8-CCFEC8D96197</generatorID>
<ownerDesignName>centromedico</ownerDesignName>
<indexState>Foreign Key</indexState>
<isSurrogateKey>false</isSurrogateKey>
<indexColumnUsage>
<colUsage columnID="26A4FBF6-7D32-5B40-E73C-257624621370"/>
</indexColumnUsage>
</ind_PK_UK>
</indexes>
</Table>