<?xml version = '1.0' encoding = 'UTF-8'?>
<Table class="oracle.dbtools.crest.model.design.relational.Table" directorySegmentName="seg_0" id="68A75AD0-8B90-AE37-6B9E-7A8B91AFAEC9" name="EXTERNO">
<createdBy>fifam</createdBy>
<createdTime>2025-09-12 01:45:39 UTC</createdTime>
<generatorID>56E65213-F977-2C97-C3EA-25841EC98353</generatorID>
<ownerDesignName>centromedico</ownerDesignName>
<allowColumnReorder>false</allowColumnReorder>
<existDependencyGenerateInDDl>true</existDependencyGenerateInDDl>
<parsed>true</parsed>
<columns itemClass="oracle.dbtools.crest.model.design.relational.Column">
<Column name="rut" id="AC4198F5-32BB-B6D1-FE42-7AFD1C551F41">
<createdBy>fifam</createdBy>
<createdTime>2025-09-12 01:45:39 UTC</createdTime>
<generatorID>E5D37F44-BC72-C56D-8B97-97B2591EFC48</generatorID>
<ownerDesignName>centromedico</ownerDesignName>
<useDomainConstraints>false</useDomainConstraints>
<use>1</use>
<logicalDatatype>LOGDT024</logicalDatatype>
<dataTypeSize>12</dataTypeSize>
<ownDataTypeParameters>,,</ownDataTypeParameters>
<autoIncrementCycle>false</autoIncrementCycle>
<associations>
<colAssociation fkAssociation="5FFF1D33-6C99-D75D-CA15-0B7FA90CADBE" referredColumn="8DCBF82F-3266-5810-5A05-87A784E54B0B"/>
</associations>
</Column>
</columns>
<indexes itemClass="oracle.dbtools.crest.model.design.relational.Index">
<ind_PK_UK id="D933AD6D-5A5D-1FAD-3649-9EDF0D0F5086" name="EXTERNO_PK">
<createdBy>fifam</createdBy>
<createdTime>2025-09-12 01:45:39 UTC</createdTime>
<generatorID>1E03065F-2EC0-BEDC-BC8F-7B871121AE70</generatorID>
<ownerDesignName>centromedico</ownerDesignName>
<pk>true</pk>
<indexState>Primary Constraint</indexState>
<isSurrogateKey>false</isSurrogateKey>
<indexColumnUsage>
<colUsage columnID="AC4198F5-32BB-B6D1-FE42-7AFD1C551F41"/>
</indexColumnUsage>
</ind_PK_UK>
<ind_PK_UK id="1ED63FB7-EEE8-1FF2-EC0B-8E11E9CC6680" name="EXTERNO_PACIENTE_FK">
<createdBy>fifam</createdBy>
<createdTime>2025-09-12 01:45:39 UTC</createdTime>
<generatorID>815CD059-794E-51BF-690E-FB4B44F42E86</generatorID>
<ownerDesignName>centromedico</ownerDesignName>
<indexState>Foreign Key</indexState>
<isSurrogateKey>false</isSurrogateKey>
<indexColumnUsage>
<colUsage columnID="AC4198F5-32BB-B6D1-FE42-7AFD1C551F41"/>
</indexColumnUsage>
</ind_PK_UK>
</indexes>
</Table>