<?xml version = '1.0' encoding = 'UTF-8'?>
<Table class="oracle.dbtools.crest.model.design.relational.Table" directorySegmentName="seg_0" id="69890FD1-0992-6E12-F55B-88ECBA5444CF" name="REGION">
<createdBy>fifam</createdBy>
<createdTime>2025-09-12 01:45:39 UTC</createdTime>
<generatorID>EA5AEE0B-466D-984E-4693-A2C0FEB5BDF0</generatorID>
<ownerDesignName>centromedico</ownerDesignName>
<allowColumnReorder>false</allowColumnReorder>
<existDependencyGenerateInDDl>true</existDependencyGenerateInDDl>
<parsed>true</parsed>
<columns itemClass="oracle.dbtools.crest.model.design.relational.Column">
<Column name="id_region" id="745BA842-F6A3-FB4D-6562-E6EE44AF8FCA">
<createdBy>fifam</createdBy>
<createdTime>2025-09-12 01:45:39 UTC</createdTime>
<generatorID>82DC7DC7-0DFC-A58D-74B3-4DEFCCC29D5B</generatorID>
<ownerDesignName>centromedico</ownerDesignName>
<useDomainConstraints>false</useDomainConstraints>
<use>1</use>
<logicalDatatype>LOGDT024</logicalDatatype>
<dataTypeSize>50</dataTypeSize>
<ownDataTypeParameters>50,,</ownDataTypeParameters>
<autoIncrementCycle>false</autoIncrementCycle>
</Column>
<Column name="nombre" id="B34C0AAB-19FC-0C48-C136-9AE56C9511CA">
<createdBy>fifam</createdBy>
<createdTime>2025-09-12 01:45:39 UTC</createdTime>
<generatorID>CA20D694-CE14-1F89-1D27-25D74C7DF283</generatorID>
<ownerDesignName>centromedico</ownerDesignName>
<useDomainConstraints>false</useDomainConstraints>
<use>1</use>
<logicalDatatype>LOGDT024</logicalDatatype>
<dataTypeSize>50</dataTypeSize>
<ownDataTypeParameters>50,,</ownDataTypeParameters>
<autoIncrementCycle>false</autoIncrementCycle>
</Column>
</columns>
<indexes itemClass="oracle.dbtools.crest.model.design.relational.Index">
<ind_PK_UK id="82867121-825A-2319-1774-AC686E028FAF" name="PK_REGION">
<createdBy>fifam</createdBy>
<createdTime>2025-09-12 01:45:39 UTC</createdTime>
<generatorID>2913E9C8-AAD3-5332-FA17-487984419791</generatorID>
<ownerDesignName>centromedico</ownerDesignName>
<pk>true</pk>
<indexState>Primary Constraint</indexState>
<isSurrogateKey>false</isSurrogateKey>
<indexColumnUsage>
<colUsage columnID="745BA842-F6A3-FB4D-6562-E6EE44AF8FCA"/>
</indexColumnUsage>
</ind_PK_UK>
</indexes>
</Table>