<?xml version = '1.0' encoding = 'UTF-8'?>
<Table class="oracle.dbtools.crest.model.design.relational.Table" directorySegmentName="seg_0" id="92BA7B28-B7C2-5B0D-6C1C-E6BDACA2EEC3" name="ESTUDIANTE">
<createdBy>fifam</createdBy>
<createdTime>2025-09-12 01:45:39 UTC</createdTime>
<generatorID>6A014C4A-1FAF-6F27-B613-04CE37C79757</generatorID>
<ownerDesignName>centromedico</ownerDesignName>
<allowColumnReorder>false</allowColumnReorder>
<existDependencyGenerateInDDl>true</existDependencyGenerateInDDl>
<parsed>true</parsed>
<columns itemClass="oracle.dbtools.crest.model.design.relational.Column">
<Column name="rut" id="5617168B-5F8C-3133-0790-5C6863B4F5C8">
<createdBy>fifam</createdBy>
<createdTime>2025-09-12 01:45:39 UTC</createdTime>
<generatorID>E5D37F44-BC72-C56D-8B97-97B2591EFC48</generatorID>
<ownerDesignName>centromedico</ownerDesignName>
<useDomainConstraints>false</useDomainConstraints>
<use>1</use>
<logicalDatatype>LOGDT024</logicalDatatype>
<dataTypeSize>12</dataTypeSize>
<ownDataTypeParameters>,,</ownDataTypeParameters>
<autoIncrementCycle>false</autoIncrementCycle>
<associations>
<colAssociation fkAssociation="2E2A9D2A-30E6-C46E-A84C-EF89A1267187" referredColumn="8DCBF82F-3266-5810-5A05-87A784E54B0B"/>
</associations>
</Column>
</columns>
<indexes itemClass="oracle.dbtools.crest.model.design.relational.Index">
<ind_PK_UK id="8D9F3724-ABFA-3719-ACA5-5D3C16B58FAA" name="ESTUDIANTE_PK">
<createdBy>fifam</createdBy>
<createdTime>2025-09-12 01:45:39 UTC</createdTime>
<generatorID>1E03065F-2EC0-BEDC-BC8F-7B871121AE70</generatorID>
<ownerDesignName>centromedico</ownerDesignName>
<pk>true</pk>
<indexState>Primary Constraint</indexState>
<isSurrogateKey>false</isSurrogateKey>
<indexColumnUsage>
<colUsage columnID="5617168B-5F8C-3133-0790-5C6863B4F5C8"/>
</indexColumnUsage>
</ind_PK_UK>
<ind_PK_UK id="008A474B-F9FE-321F-3FA4-D19B38B28CA7" name="ESTUDIANTE_PACIENTE_FK">
<createdBy>fifam</createdBy>
<createdTime>2025-09-12 01:45:39 UTC</createdTime>
<generatorID>8C466F24-A89C-4082-F7A0-B8333EE12D04</generatorID>
<ownerDesignName>centromedico</ownerDesignName>
<indexState>Foreign Key</indexState>
<isSurrogateKey>false</isSurrogateKey>
<indexColumnUsage>
<colUsage columnID="5617168B-5F8C-3133-0790-5C6863B4F5C8"/>
</indexColumnUsage>
</ind_PK_UK>
</indexes>
</Table>