<?xml version = '1.0' encoding = 'UTF-8'?>
<Table class="oracle.dbtools.crest.model.design.relational.Table" directorySegmentName="seg_0" id="9B6FBAB6-2816-E81D-3406-E14ED6531F88" name="PAGO">
<createdBy>fifam</createdBy>
<createdTime>2025-09-12 01:45:39 UTC</createdTime>
<generatorID>7F3BE6F2-1BDD-BCAD-EE3B-750067115CAA</generatorID>
<ownerDesignName>centromedico</ownerDesignName>
<allowColumnReorder>false</allowColumnReorder>
<existDependencyGenerateInDDl>true</existDependencyGenerateInDDl>
<parsed>true</parsed>
<columns itemClass="oracle.dbtools.crest.model.design.relational.Column">
<Column name="id_pago" id="E3D0DD14-9B96-E468-89D3-0750AAB5888B">
<createdBy>fifam</createdBy>
<createdTime>2025-09-12 01:45:39 UTC</createdTime>
<generatorID>498FC656-81A6-CEDA-BEF7-FC11110758C6</generatorID>
<ownerDesignName>centromedico</ownerDesignName>
<useDomainConstraints>false</useDomainConstraints>
<use>1</use>
<logicalDatatype>LOGDT024</logicalDatatype>
<dataTypeSize>30</dataTypeSize>
<ownDataTypeParameters>30,,</ownDataTypeParameters>
<autoIncrementCycle>false</autoIncrementCycle>
</Column>
<Column name="monto" id="7DAC5EF6-182E-F89A-C4C8-4D384AB4030D">
<createdBy>fifam</createdBy>
<createdTime>2025-09-12 01:45:39 UTC</createdTime>
<generatorID>3E5793F9-4552-E0D7-4E69-E7405A803165</generatorID>
<ownerDesignName>centromedico</ownerDesignName>
<useDomainConstraints>false</useDomainConstraints>
<use>1</use>
<logicalDatatype>LOGDT011</logicalDatatype>
<ownDataTypeParameters>,,</ownDataTypeParameters>
<autoIncrementCycle>false</autoIncrementCycle>
</Column>
<Column name="fecha_pago" id="2D812E6B-FDD7-D870-3165-D55999148281">
<createdBy>fifam</createdBy>
<createdTime>2025-09-12 01:45:39 UTC</createdTime>
<generatorID>8D8A3849-21B3-97F5-5951-3A6F184B417F</generatorID>
<ownerDesignName>centromedico</ownerDesignName>
<useDomainConstraints>false</useDomainConstraints>
<use>1</use>
<logicalDatatype>LOGDT007</logicalDatatype>
<ownDataTypeParameters>,,</ownDataTypeParameters>
<autoIncrementCycle>false</autoIncrementCycle>
</Column>
<Column name="tipo_pago" id="1D6F7C15-7957-CFC4-C944-E98616B1BC03">
<createdBy>fifam</createdBy>
<createdTime>2025-09-12 01:45:39 UTC</createdTime>
<generatorID>8AA10454-A0FB-0FC3-A90A-7C59A2D9F6C3</generatorID>
<ownerDesignName>centromedico</ownerDesignName>
<useDomainConstraints>false</useDomainConstraints>
<use>1</use>
<logicalDatatype>LOGDT024</logicalDatatype>
<dataTypeSize>50</dataTypeSize>
<ownDataTypeParameters>50,,</ownDataTypeParameters>
<autoIncrementCycle>false</autoIncrementCycle>
</Column>
<Column name="FICHA_ATENCION_id_ficha2" id="BD8A63BB-797D-C633-1030-B41E2C19569A">
<createdBy>fifam</createdBy>
<createdTime>2025-09-12 14:17:28 UTC</createdTime>
<generatorID>72AEF9CB-90D0-611C-CB1E-87DCDB6FD146</generatorID>
<ownerDesignName>centromedico</ownerDesignName>
<useDomainConstraints>false</useDomainConstraints>
<use>1</use>
<logicalDatatype>LOGDT024</logicalDatatype>
<dataTypeSize>30</dataTypeSize>
<ownDataTypeParameters>,,</ownDataTypeParameters>
<previousColumn>false</previousColumn>
<autoIncrementCycle>false</autoIncrementCycle>
<associations>
<colAssociation fkAssociation="92530764-B9A8-DD52-7932-8F7690F19F43" referredColumn="1F70FD06-CE67-2C1C-05FB-44688B097C59"/>
</associations>
</Column>
</columns>
<indexes itemClass="oracle.dbtools.crest.model.design.relational.Index">
<ind_PK_UK id="01389480-0389-1E76-47B6-21C3A0AB4AE2" name="PAGO_PK">
<createdBy>fifam</createdBy>
<createdTime>2025-09-12 01:45:39 UTC</createdTime>
<generatorID>824D2601-3E44-21F6-E608-5BDD0EFCF1B5</generatorID>
<ownerDesignName>centromedico</ownerDesignName>
<pk>true</pk>
<indexState>Primary Constraint</indexState>
<isSurrogateKey>false</isSurrogateKey>
<indexColumnUsage>
<colUsage columnID="E3D0DD14-9B96-E468-89D3-0750AAB5888B"/>
</indexColumnUsage>
</ind_PK_UK>
<ind_PK_UK id="D47445FB-4B6E-2A2A-2AB0-A53B298EC588" name="PAGO__IDX">
<createdBy>fifam</createdBy>
<createdTime>2025-09-12 14:17:28 UTC</createdTime>
<ownerDesignName>centromedico</ownerDesignName>
<indexState>Unique Plain Index</indexState>
<isSurrogateKey>false</isSurrogateKey>
<relationGeneratorID>D6647B3F-43DE-EFC2-9C3A-33BA8777B5E0</relationGeneratorID>
<indexColumnUsage>
<colUsage columnID="BD8A63BB-797D-C633-1030-B41E2C19569A"/>
</indexColumnUsage>
</ind_PK_UK>
<ind_PK_UK id="9B898933-7132-4BB3-7783-CC98DAA130B9" name="PAGO_FICHA_ATENCION_FKv2">
<createdBy>fifam</createdBy>
<createdTime>2025-09-12 14:17:28 UTC</createdTime>
<generatorID>D6647B3F-43DE-EFC2-9C3A-33BA8777B5E0</generatorID>
<ownerDesignName>centromedico</ownerDesignName>
<indexState>Foreign Key</indexState>
<isSurrogateKey>false</isSurrogateKey>
<indexColumnUsage>
<colUsage columnID="BD8A63BB-797D-C633-1030-B41E2C19569A"/>
</indexColumnUsage>
</ind_PK_UK>
</indexes>
</Table>