<?xml version = '1.0' encoding = 'UTF-8'?>
<Table class="oracle.dbtools.crest.model.design.relational.Table" directorySegmentName="seg_0" id="AE417359-1BF9-7AC1-8CA8-EE5B1DC69866" name="SOLICITUD_EXAMEN">
<createdBy>fifam</createdBy>
<createdTime>2025-09-12 01:45:39 UTC</createdTime>
<generatorID>E71A36E9-0913-BF07-FD81-FEF12DCCDFB2</generatorID>
<ownerDesignName>centromedico</ownerDesignName>
<allowColumnReorder>false</allowColumnReorder>
<existDependencyGenerateInDDl>true</existDependencyGenerateInDDl>
<parsed>true</parsed>
<columns itemClass="oracle.dbtools.crest.model.design.relational.Column">
<Column name="id_solicitud_examen" id="6D8210C7-178E-662C-AD07-25F3E53239C8">
<createdBy>fifam</createdBy>
<createdTime>2025-09-12 01:45:39 UTC</createdTime>
<generatorID>241ED573-F26B-30B2-90FC-7AF6B5A36FF9</generatorID>
<ownerDesignName>centromedico</ownerDesignName>
<useDomainConstraints>false</useDomainConstraints>
<use>1</use>
<logicalDatatype>LOGDT024</logicalDatatype>
<dataTypeSize>50</dataTypeSize>
<ownDataTypeParameters>50,,</ownDataTypeParameters>
<autoIncrementCycle>false</autoIncrementCycle>
</Column>
<Column name="fecha_solicitud" id="64918330-5629-D49B-6C24-1D9F6ADE93B6">
<createdBy>fifam</createdBy>
<createdTime>2025-09-12 01:45:39 UTC</createdTime>
<generatorID>0E92C7A6-12FF-0C29-854B-56F9BF965F02</generatorID>
<ownerDesignName>centromedico</ownerDesignName>
<useDomainConstraints>false</useDomainConstraints>
<use>1</use>
<logicalDatatype>LOGDT007</logicalDatatype>
<ownDataTypeParameters>,,</ownDataTypeParameters>
<autoIncrementCycle>false</autoIncrementCycle>
</Column>
<Column name="estado" id="D94E73A1-F516-BEF6-5C96-8D254670DD54">
<createdBy>fifam</createdBy>
<createdTime>2025-09-12 01:45:39 UTC</createdTime>
<generatorID>95C0CAD3-76CF-E366-E2A6-705459E304DB</generatorID>
<ownerDesignName>centromedico</ownerDesignName>
<useDomainConstraints>false</useDomainConstraints>
<use>1</use>
<logicalDatatype>LOGDT024</logicalDatatype>
<dataTypeSize>50</dataTypeSize>
<ownDataTypeParameters>50,,</ownDataTypeParameters>
<autoIncrementCycle>false</autoIncrementCycle>
</Column>
<Column name="FICHA_ATENCION_id_ficha" id="78CF7DAD-B03A-A5C8-F6C3-8B36E07054B9">
<createdBy>fifam</createdBy>
<createdTime>2025-09-12 01:45:39 UTC</createdTime>
<generatorID>53F2F167-E1EF-A5B5-3888-B3D939934202</generatorID>
<ownerDesignName>centromedico</ownerDesignName>
<useDomainConstraints>false</useDomainConstraints>
<use>1</use>
<logicalDatatype>LOGDT024</logicalDatatype>
<dataTypeSize>30</dataTypeSize>
<ownDataTypeParameters>,,</ownDataTypeParameters>
<previousColumn>false</previousColumn>
<autoIncrementCycle>false</autoIncrementCycle>
<associations>
<colAssociation fkAssociation="243CFC75-515A-53AE-06C2-183A047A52DC" referredColumn="1F70FD06-CE67-2C1C-05FB-44688B097C59"/>
</associations>
</Column>
<Column name="MEDICO_rut" id="E1EE17C9-DA78-5DB4-7A76-24512046AB04">
<createdBy>fifam</createdBy>
<createdTime>2025-09-12 01:45:39 UTC</createdTime>
<generatorID>454EC8DB-A316-74AF-D1F9-C708A3666DFE</generatorID>
<ownerDesignName>centromedico</ownerDesignName>
<useDomainConstraints>false</useDomainConstraints>
<use>1</use>
<logicalDatatype>LOGDT024</logicalDatatype>
<dataTypeSize>12</dataTypeSize>
<ownDataTypeParameters>,,</ownDataTypeParameters>
<previousColumn>false</previousColumn>
<autoIncrementCycle>false</autoIncrementCycle>
<associations>
<colAssociation fkAssociation="CCF90CE3-4C79-C0A2-D0AD-96F624030BD5" referredColumn="DA3D0570-1994-B453-E85A-D7F3C2AF3387"/>
</associations>
</Column>
</columns>
<indexes itemClass="oracle.dbtools.crest.model.design.relational.Index">
<ind_PK_UK id="1EC5B074-E6D5-5D86-E84D-CD3AD5D5FA1A" name="SOLICITUD_EXAMEN_PK">
<createdBy>fifam</createdBy>
<createdTime>2025-09-12 01:45:39 UTC</createdTime>
<generatorID>C7F8130B-E4A6-71E6-11A0-C097198DD5FD</generatorID>
<ownerDesignName>centromedico</ownerDesignName>
<pk>true</pk>
<indexState>Primary Constraint</indexState>
<isSurrogateKey>false</isSurrogateKey>
<indexColumnUsage>
<colUsage columnID="6D8210C7-178E-662C-AD07-25F3E53239C8"/>
</indexColumnUsage>
</ind_PK_UK>
<ind_PK_UK id="9F9F5EB4-6762-F362-42C0-29E4342FE3BE" name="SOLICITUD_EXAMEN_FICHA_ATENCION_FK">
<createdBy>fifam</createdBy>
<createdTime>2025-09-12 01:45:39 UTC</createdTime>
<generatorID>A6FF7A63-41A1-AD8C-B423-AF7D6E23A85C</generatorID>
<ownerDesignName>centromedico</ownerDesignName>
<indexState>Foreign Key</indexState>
<isSurrogateKey>false</isSurrogateKey>
<indexColumnUsage>
<colUsage columnID="78CF7DAD-B03A-A5C8-F6C3-8B36E07054B9"/>
</indexColumnUsage>
</ind_PK_UK>
<ind_PK_UK id="4D8685F2-6A97-DB60-09F7-04ABA59F0EBD" name="SOLICITUD_EXAMEN_MEDICO_FK">
<createdBy>fifam</createdBy>
<createdTime>2025-09-12 01:45:39 UTC</createdTime>
<generatorID>ACC6F161-836A-B688-6EEC-7CD6C92FD2C6</generatorID>
<ownerDesignName>centromedico</ownerDesignName>
<indexState>Foreign Key</indexState>
<isSurrogateKey>false</isSurrogateKey>
<indexColumnUsage>
<colUsage columnID="E1EE17C9-DA78-5DB4-7A76-24512046AB04"/>
</indexColumnUsage>
</ind_PK_UK>
</indexes>
</Table>