<?xml version = '1.0' encoding = 'UTF-8'?>
<Table class="oracle.dbtools.crest.model.design.relational.Table" directorySegmentName="seg_0" id="B74A1F0A-F640-547A-8533-02D1D32F124A" name="FUNCIONARIO">
<createdBy>fifam</createdBy>
<createdTime>2025-09-12 01:45:39 UTC</createdTime>
<generatorID>663004B3-59DC-000D-7CE6-B0F918D3378B</generatorID>
<ownerDesignName>centromedico</ownerDesignName>
<allowColumnReorder>false</allowColumnReorder>
<existDependencyGenerateInDDl>true</existDependencyGenerateInDDl>
<parsed>true</parsed>
<columns itemClass="oracle.dbtools.crest.model.design.relational.Column">
<Column name="rut" id="563E390F-EE56-89E1-510E-94ED97E0E1A1">
<createdBy>fifam</createdBy>
<createdTime>2025-09-12 01:45:39 UTC</createdTime>
<generatorID>E5D37F44-BC72-C56D-8B97-97B2591EFC48</generatorID>
<ownerDesignName>centromedico</ownerDesignName>
<useDomainConstraints>false</useDomainConstraints>
<use>1</use>
<logicalDatatype>LOGDT024</logicalDatatype>
<dataTypeSize>12</dataTypeSize>
<ownDataTypeParameters>,,</ownDataTypeParameters>
<autoIncrementCycle>false</autoIncrementCycle>
<associations>
<colAssociation fkAssociation="CB22D71C-2119-5BA5-1AEB-DD1C9BA35016" referredColumn="8DCBF82F-3266-5810-5A05-87A784E54B0B"/>
</associations>
</Column>
</columns>
<indexes itemClass="oracle.dbtools.crest.model.design.relational.Index">
<ind_PK_UK id="8AEA68EF-F80D-3B92-6CC7-48BD0A6D7EED" name="FUNCIONARIO_PK">
<createdBy>fifam</createdBy>
<createdTime>2025-09-12 01:45:39 UTC</createdTime>
<generatorID>1E03065F-2EC0-BEDC-BC8F-7B871121AE70</generatorID>
<ownerDesignName>centromedico</ownerDesignName>
<pk>true</pk>
<indexState>Primary Constraint</indexState>
<isSurrogateKey>false</isSurrogateKey>
<indexColumnUsage>
<colUsage columnID="563E390F-EE56-89E1-510E-94ED97E0E1A1"/>
</indexColumnUsage>
</ind_PK_UK>
<ind_PK_UK id="57302D57-D2AB-5315-4839-16BC8583797F" name="FUNCIONARIO_PACIENTE_FK">
<createdBy>fifam</createdBy>
<createdTime>2025-09-12 01:45:39 UTC</createdTime>
<generatorID>464AFA56-D765-66C4-44DC-B729393351BC</generatorID>
<ownerDesignName>centromedico</ownerDesignName>
<indexState>Foreign Key</indexState>
<isSurrogateKey>false</isSurrogateKey>
<indexColumnUsage>
<colUsage columnID="563E390F-EE56-89E1-510E-94ED97E0E1A1"/>
</indexColumnUsage>
</ind_PK_UK>
</indexes>
</Table>