<?xml version = '1.0' encoding = 'UTF-8'?>
<Table class="oracle.dbtools.crest.model.design.relational.Table" directorySegmentName="seg_0" id="BFAC6896-8488-B8BE-DC4C-087C2E112C9F" name="ESPECIALIDAD">
<createdBy>fifam</createdBy>
<createdTime>2025-09-12 01:45:39 UTC</createdTime>
<generatorID>9AB1601D-E127-9613-240B-F3F2072BAF3A</generatorID>
<ownerDesignName>centromedico</ownerDesignName>
<allowColumnReorder>false</allowColumnReorder>
<existDependencyGenerateInDDl>true</existDependencyGenerateInDDl>
<parsed>true</parsed>
<columns itemClass="oracle.dbtools.crest.model.design.relational.Column">
<Column name="id_especialidad" id="2090082A-C99F-C6C2-1EBE-543D460921F5">
<createdBy>fifam</createdBy>
<createdTime>2025-09-12 01:45:39 UTC</createdTime>
<generatorID>094A21BA-A5E9-2A21-85D3-A1BEB7CD4B07</generatorID>
<ownerDesignName>centromedico</ownerDesignName>
<useDomainConstraints>false</useDomainConstraints>
<use>1</use>
<logicalDatatype>LOGDT024</logicalDatatype>
<dataTypeSize>30</dataTypeSize>
<ownDataTypeParameters>30,,</ownDataTypeParameters>
<autoIncrementCycle>false</autoIncrementCycle>
</Column>
<Column name="nombre" id="95C2AB06-AC81-BAA9-D7F7-23ADE3C17861">
<createdBy>fifam</createdBy>
<createdTime>2025-09-12 01:45:39 UTC</createdTime>
<generatorID>2A83B9FF-B793-724A-540E-6F10609FFD4C</generatorID>
<ownerDesignName>centromedico</ownerDesignName>
<useDomainConstraints>false</useDomainConstraints>
<use>1</use>
<logicalDatatype>LOGDT024</logicalDatatype>
<dataTypeSize>50</dataTypeSize>
<ownDataTypeParameters>50,,</ownDataTypeParameters>
<autoIncrementCycle>false</autoIncrementCycle>
</Column>
<Column name="descripcion" id="7CB38EDE-2404-CAE2-6A5B-C9C5A5935511">
<createdBy>fifam</createdBy>
<createdTime>2025-09-12 01:45:39 UTC</createdTime>
<generatorID>CB8B5F4E-C4F0-917E-F9FA-515B49714279</generatorID>
<ownerDesignName>centromedico</ownerDesignName>
<useDomainConstraints>false</useDomainConstraints>
<use>1</use>
<logicalDatatype>LOGDT024</logicalDatatype>
<dataTypeSize>50</dataTypeSize>
<ownDataTypeParameters>50,,</ownDataTypeParameters>
<autoIncrementCycle>false</autoIncrementCycle>
</Column>
</columns>
<indexes itemClass="oracle.dbtools.crest.model.design.relational.Index">
<ind_PK_UK id="20E22DB0-3EAC-6450-93E1-F94DEE350B41" name="ESPECIALIDAD_PK">
<createdBy>fifam</createdBy>
<createdTime>2025-09-12 01:45:39 UTC</createdTime>
<generatorID>06716C91-283A-9288-51E5-CF99C51A618A</generatorID>
<ownerDesignName>centromedico</ownerDesignName>
<pk>true</pk>
<indexState>Primary Constraint</indexState>
<isSurrogateKey>false</isSurrogateKey>
<indexColumnUsage>
<colUsage columnID="2090082A-C99F-C6C2-1EBE-543D460921F5"/>
</indexColumnUsage>
</ind_PK_UK>
</indexes>
</Table>