<?xml version = '1.0' encoding = 'UTF-8'?>
<Table class="oracle.dbtools.crest.model.design.relational.Table" directorySegmentName="seg_0" id="C6B05ADA-33C7-4530-4781-B1855F4EE095" name="PACIENTE">
<createdBy>fifam</createdBy>
<createdTime>2025-09-12 01:45:39 UTC</createdTime>
<generatorID>AA446617-C093-D0C2-C1AD-A0EB5AAD991B</generatorID>
<ownerDesignName>centromedico</ownerDesignName>
<allowColumnReorder>false</allowColumnReorder>
<existDependencyGenerateInDDl>true</existDependencyGenerateInDDl>
<parsed>true</parsed>
<columns itemClass="oracle.dbtools.crest.model.design.relational.Column">
<Column name="rut" id="8DCBF82F-3266-5810-5A05-87A784E54B0B">
<createdBy>fifam</createdBy>
<createdTime>2025-09-12 01:45:39 UTC</createdTime>
<generatorID>E5D37F44-BC72-C56D-8B97-97B2591EFC48</generatorID>
<ownerDesignName>centromedico</ownerDesignName>
<useDomainConstraints>false</useDomainConstraints>
<use>1</use>
<logicalDatatype>LOGDT024</logicalDatatype>
<dataTypeSize>12</dataTypeSize>
<ownDataTypeParameters>12,,</ownDataTypeParameters>
<autoIncrementCycle>false</autoIncrementCycle>
</Column>
<Column name="nombre_completo" id="A5D887BE-E2E9-BF57-E54C-06E9CB3F8EC8">
<createdBy>fifam</createdBy>
<createdTime>2025-09-12 01:45:39 UTC</createdTime>
<generatorID>1DBF41D8-B893-F7D9-BC5C-7461AB1F40A7</generatorID>
<ownerDesignName>centromedico</ownerDesignName>
<useDomainConstraints>false</useDomainConstraints>
<use>1</use>
<logicalDatatype>LOGDT024</logicalDatatype>
<dataTypeSize>100</dataTypeSize>
<ownDataTypeParameters>100,,</ownDataTypeParameters>
<autoIncrementCycle>false</autoIncrementCycle>
</Column>
<Column name="fecha_nacimiento" id="E3E4B579-5F0D-418C-F18B-993B8B796A7F">
<createdBy>fifam</createdBy>
<createdTime>2025-09-12 01:45:39 UTC</createdTime>
<generatorID>F3DC1F5B-E8FD-4032-E882-78E7F7919E4E</generatorID>
<ownerDesignName>centromedico</ownerDesignName>
<useDomainConstraints>false</useDomainConstraints>
<use>1</use>
<logicalDatatype>LOGDT007</logicalDatatype>
<ownDataTypeParameters>,,</ownDataTypeParameters>
<autoIncrementCycle>false</autoIncrementCycle>
</Column>
<Column name="tipo_usuario" id="1A7ACD40-5859-77E9-9E52-57227F3E1F4B">
<createdBy>fifam</createdBy>
<createdTime>2025-09-12 01:45:39 UTC</createdTime>
<generatorID>EB0D651F-D4B9-6E1F-263E-2F5E5A51A005</generatorID>
<ownerDesignName>centromedico</ownerDesignName>
<useDomainConstraints>false</useDomainConstraints>
<use>1</use>
<logicalDatatype>LOGDT024</logicalDatatype>
<dataTypeSize>50</dataTypeSize>
<ownDataTypeParameters>50,,</ownDataTypeParameters>
<autoIncrementCycle>false</autoIncrementCycle>
</Column>
<Column name="telefono" id="CD33B226-222A-299B-516D-F8BE619F9345">
<createdBy>fifam</createdBy>
<createdTime>2025-09-12 01:45:39 UTC</createdTime>
<generatorID>A6A61598-7558-B48E-9C99-F5A479B85DF6</generatorID>
<ownerDesignName>centromedico</ownerDesignName>
<nullsAllowed>true</nullsAllowed>
<useDomainConstraints>false</useDomainConstraints>
<use>1</use>
<logicalDatatype>LOGDT024</logicalDatatype>
<dataTypeSize>50</dataTypeSize>
<ownDataTypeParameters>50,,</ownDataTypeParameters>
<autoIncrementCycle>false</autoIncrementCycle>
</Column>
<Column name="correo" id="FA3A0833-8423-9FB2-5BAA-6E90318FFC9A">
<createdBy>fifam</createdBy>
<createdTime>2025-09-12 14:37:37 UTC</createdTime>
<ownerDesignName>centromedico</ownerDesignName>
<nullsAllowed>true</nullsAllowed>
<useDomainConstraints>false</useDomainConstraints>
<use>1</use>
<logicalDatatype>LOGDT024</logicalDatatype>
<dataTypeSize>50</dataTypeSize>
<ownDataTypeParameters>50,,</ownDataTypeParameters>
<autoIncrementCycle>false</autoIncrementCycle>
</Column>
<Column name="DIRECCION_id_direccion" id="672B6774-1864-C2EA-B713-C8940FBE06D3">
<createdBy>fifam</createdBy>
<createdTime>2025-09-12 01:45:39 UTC</createdTime>
<generatorID>63EEAB98-5837-8BF9-2EB7-0B6DF61CB36E</generatorID>
<ownerDesignName>centromedico</ownerDesignName>
<useDomainConstraints>false</useDomainConstraints>
<use>1</use>
<logicalDatatype>LOGDT024</logicalDatatype>
<dataTypeSize>50</dataTypeSize>
<ownDataTypeParameters>,,</ownDataTypeParameters>
<previousColumn>false</previousColumn>
<autoIncrementCycle>false</autoIncrementCycle>
<associations>
<colAssociation fkAssociation="8E3E66FF-2A88-47C6-8E20-194F066EA0A1" referredColumn="8859FA3A-F0B5-5EA6-29DB-E4DE8D99A15A"/>
</associations>
</Column>
<Column name="GENERO_id_genero" id="FB947A6B-5C79-0547-4483-6398DC311468">
<createdBy>fifam</createdBy>
<createdTime>2025-09-12 01:45:39 UTC</createdTime>
<generatorID>AE6AB0E5-60EA-2CBA-22C6-36C9D364B14B</generatorID>
<ownerDesignName>centromedico</ownerDesignName>
<useDomainConstraints>false</useDomainConstraints>
<use>1</use>
<logicalDatatype>LOGDT024</logicalDatatype>
<dataTypeSize>50</dataTypeSize>
<ownDataTypeParameters>,,</ownDataTypeParameters>
<previousColumn>false</previousColumn>
<autoIncrementCycle>false</autoIncrementCycle>
<associations>
<colAssociation fkAssociation="0798FDF2-42B6-E747-B079-1E33C12216B7" referredColumn="BA4A0C96-87BB-A33A-5351-2E5582DD1D23"/>
</associations>
</Column>
</columns>
<indexes itemClass="oracle.dbtools.crest.model.design.relational.Index">
<ind_PK_UK id="C0094598-0102-8250-713E-523911C04639" name="PK_PACIENTE">
<createdBy>fifam</createdBy>
<createdTime>2025-09-12 01:45:39 UTC</createdTime>
<generatorID>1E03065F-2EC0-BEDC-BC8F-7B871121AE70</generatorID>
<ownerDesignName>centromedico</ownerDesignName>
<pk>true</pk>
<indexState>Primary Constraint</indexState>
<isSurrogateKey>false</isSurrogateKey>
<indexColumnUsage>
<colUsage columnID="8DCBF82F-3266-5810-5A05-87A784E54B0B"/>
</indexColumnUsage>
</ind_PK_UK>
<ind_PK_UK id="0CAE6445-580B-01C4-DAC5-814544AB6982" name="PACIENTE__IDX">
<createdBy>fifam</createdBy>
<createdTime>2025-09-12 01:45:39 UTC</createdTime>
<ownerDesignName>centromedico</ownerDesignName>
<indexState>Unique Plain Index</indexState>
<isSurrogateKey>false</isSurrogateKey>
<relationGeneratorID>517A2F1B-6638-8288-3AC8-CCFEC8D96197</relationGeneratorID>
<indexColumnUsage>
<colUsage columnID="672B6774-1864-C2EA-B713-C8940FBE06D3"/>
</indexColumnUsage>
</ind_PK_UK>
<ind_PK_UK id="B574E7F7-7E44-E4EF-81B7-9DB49EABEE75" name="PACIENTE_DIRECCION_FK">
<createdBy>fifam</createdBy>
<createdTime>2025-09-12 01:45:39 UTC</createdTime>
<generatorID>517A2F1B-6638-8288-3AC8-CCFEC8D96197</generatorID>
<ownerDesignName>centromedico</ownerDesignName>
<indexState>Foreign Key</indexState>
<isSurrogateKey>false</isSurrogateKey>
<indexColumnUsage>
<colUsage columnID="672B6774-1864-C2EA-B713-C8940FBE06D3"/>
</indexColumnUsage>
</ind_PK_UK>
<ind_PK_UK id="240E5BA8-D457-AA04-870E-A6F55042A699" name="PACIENTE_GENERO_FK">
<createdBy>fifam</createdBy>
<createdTime>2025-09-12 01:45:39 UTC</createdTime>
<generatorID>1D0215BB-F4E3-4484-3BC5-0DF741DF6F5B</generatorID>
<ownerDesignName>centromedico</ownerDesignName>
<indexState>Foreign Key</indexState>
<isSurrogateKey>false</isSurrogateKey>
<indexColumnUsage>
<colUsage columnID="FB947A6B-5C79-0547-4483-6398DC311468"/>
</indexColumnUsage>
</ind_PK_UK>
</indexes>
</Table>