<?xml version = '1.0' encoding = 'UTF-8'?>
<Diagram class="oracle.dbtools.crest.swingui.relational.DPVRelational" name="Relational_1" id="F5ABE76F-C88B-1130-6D31-4F61A8920932">
<createdBy>fifam</createdBy>
<modifiedBy>fifam</modifiedBy>
<createdTime>2025-10-10 04:29:19 UTC</createdTime>
<autoRoute>false</autoRoute>
<boxInbox>true</boxInbox>
<showLegend>false</showLegend>
<showLabels>false</showLabels>
<showRelAttributes>false</showRelAttributes>
<gridEnabled>false</gridEnabled>
<showGrid>false</showGrid>
<diagramColor>-1</diagramColor>
<display>false</display>
<notation>1</notation>
<objectViews>
<OView class="oracle.dbtools.crest.swingui.relational.TVTable" oid="13F5A174-4958-589D-CAAF-4AC1C90FC4DC" otype="Table" vid="9201DA49-60C7-9581-F26D-D55AC9956804">
<hideElementsInCurrentOnly>false</hideElementsInCurrentOnly>
<bounds x="787" y="394" width="222" height="81"/>
</OView>
<OView class="oracle.dbtools.crest.swingui.relational.TVTable" oid="21CF448A-55E8-1822-AA25-EFCCD290D0E6" otype="Table" vid="EB767923-AEF4-76E9-AA5A-F68FC6FFE66D">
<hideElementsInCurrentOnly>false</hideElementsInCurrentOnly>
<bounds x="229" y="415" width="213" height="180"/>
</OView>
<OView class="oracle.dbtools.crest.swingui.relational.TVTable" oid="4D5A4385-336E-809D-565B-774019BCFBB0" otype="Table" vid="FC9F4B0D-2CE7-E0DC-2FA9-15694B2285A0">
<hideElementsInCurrentOnly>false</hideElementsInCurrentOnly>
<bounds x="776" y="493" width="249" height="64"/>
</OView>
<OView class="oracle.dbtools.crest.swingui.relational.TVTable" oid="6BAA33AA-3ABD-F33C-119A-57ECA96DC301" otype="Table" vid="66A6D48E-812F-5E70-B8D3-0A596B5C85BC">
<hideElementsInCurrentOnly>false</hideElementsInCurrentOnly>
<bounds x="790" y="299" width="219" height="85"/>
</OView>
<OView class="oracle.dbtools.crest.swingui.relational.TVTable" oid="8065A7F8-F3C2-06CB-F2CE-6F8D98F284BA" otype="Table" vid="B4228617-3AFA-9C3B-6BF6-63B7E551F2AE">
<hideElementsInCurrentOnly>false</hideElementsInCurrentOnly>
<bounds x="550" y="114" width="234" height="96"/>
</OView>
<OView class="oracle.dbtools.crest.swingui.relational.TVTable" oid="8CA1819B-7504-AA6D-5DEC-EA8997C87175" otype="Table" vid="C41A1CFF-BA14-3ACF-5FC4-B45C8D498826">
<hideElementsInCurrentOnly>false</hideElementsInCurrentOnly>
<bounds x="771" y="3" width="220" height="81"/>
</OView>
<OView class="oracle.dbtools.crest.swingui.relational.TVTable" oid="92AAB78E-DF88-9123-180F-06C165D93B02" otype="Table" vid="E0BC2FE7-6D08-0CBF-0B86-DA8118168BE4">
<hideElementsInCurrentOnly>false</hideElementsInCurrentOnly>
<bounds x="14" y="391" width="189" height="120"/>
</OView>
<OView class="oracle.dbtools.crest.swingui.relational.TVTable" oid="959C511F-CAC1-EDE7-3057-7081E25322A1" otype="Table" vid="090A20F3-462E-0517-308E-2B57F2D38C41">
<hideElementsInCurrentOnly>false</hideElementsInCurrentOnly>
<bounds x="464" y="6" width="218" height="87"/>
</OView>
<OView class="oracle.dbtools.crest.swingui.relational.TVTable" oid="9B79DF56-FDB2-050B-8DDE-4C3ACF14A718" otype="Table" vid="175B3960-DB23-8F14-A4F5-D684A9822EED">
<hideElementsInCurrentOnly>false</hideElementsInCurrentOnly>
<bounds x="830" y="109" width="246" height="103"/>
</OView>
<OView class="oracle.dbtools.crest.swingui.relational.TVTable" oid="B1FADB0C-FD70-7D8F-BD57-E4D0B6201E14" otype="Table" vid="89AD503A-398A-93A7-F19D-14113DA74DF2">
<hideElementsInCurrentOnly>false</hideElementsInCurrentOnly>
<bounds x="289" y="270" width="229" height="90"/>
</OView>
<OView class="oracle.dbtools.crest.swingui.relational.TVTable" oid="BF8EAD05-8586-9488-839A-DB9CDA8CBEE5" otype="Table" vid="BBC90281-8043-1828-8B88-29F095FE6376">
<hideElementsInCurrentOnly>false</hideElementsInCurrentOnly>
<bounds x="4" y="230" width="216" height="95"/>
</OView>
<OView class="oracle.dbtools.crest.swingui.relational.TVTable" oid="C920603C-4919-E8A0-43CA-8A94203DC341" otype="Table" vid="B1E663EA-5AF6-C0FB-865A-D81C3F521FDB">
<hideElementsInCurrentOnly>false</hideElementsInCurrentOnly>
<bounds x="556" y="277" width="463" height="297"/>
</OView>
<OView class="oracle.dbtools.crest.swingui.relational.TVTable" oid="EC97B1E3-9124-AF5C-80B1-26605B894FD1" otype="Table" vid="8D4F70CD-AA69-8B5A-E48C-EB585B3553D2">
<hideElementsInCurrentOnly>false</hideElementsInCurrentOnly>
<bounds x="202" y="19" width="213" height="132"/>
</OView>
<OView class="oracle.dbtools.crest.swingui.relational.TVTable" oid="EDC6DAF8-B8AB-0FB1-8072-A5621FCF202E" otype="Table" vid="937ADC5C-4D51-7061-F39D-86A3A1224BF1">
<hideElementsInCurrentOnly>false</hideElementsInCurrentOnly>
<bounds x="7" y="40" width="173" height="103"/>
</OView>
</objectViews>
<connectors>
<Connector class="oracle.dbtools.crest.swingui.relational.TVFKRelation" oid="090DE896-D65C-C6AA-AC27-AE902B110D82" otype="FKIndexAssociation" vid_source="B1E663EA-5AF6-C0FB-865A-D81C3F521FDB" vid_target="B1E663EA-5AF6-C0FB-865A-D81C3F521FDB">
<hideElementsInCurrentOnly>false</hideElementsInCurrentOnly>
<backgroundColor>-16777216</backgroundColor>
<lineWidth>1</lineWidth>
<points>
<point x="1019" y="443"/>
<point x="1079" y="443"/>
<point x="1079" y="596"/>
<point x="868" y="596"/>
<point x="868" y="574"/>
</points>
</Connector>
<Connector class="oracle.dbtools.crest.swingui.relational.TVFKRelation" oid="20DC4FD3-F121-D8CF-0A40-F94D04FCB00A" otype="FKIndexAssociation" vid_source="B1E663EA-5AF6-C0FB-865A-D81C3F521FDB" vid_target="EB767923-AEF4-76E9-AA5A-F68FC6FFE66D">
<hideElementsInCurrentOnly>false</hideElementsInCurrentOnly>
<backgroundColor>-16777216</backgroundColor>
<lineWidth>1</lineWidth>
<points>
<point x="556" y="494"/>
<point x="442" y="494"/>
</points>
</Connector>
<Connector class="oracle.dbtools.crest.swingui.relational.TVFKRelation" oid="23E26554-20F8-DE98-E67E-B66F5E13544E" otype="FKIndexAssociation" vid_source="8D4F70CD-AA69-8B5A-E48C-EB585B3553D2" vid_target="B1E663EA-5AF6-C0FB-865A-D81C3F521FDB">
<hideElementsInCurrentOnly>false</hideElementsInCurrentOnly>
<backgroundColor>-16777216</backgroundColor>
<lineWidth>1</lineWidth>
<points>
<point x="401" y="151"/>
<point x="578" y="277"/>
</points>
</Connector>
<Connector class="oracle.dbtools.crest.swingui.relational.TVFKRelation" oid="2485A048-A8BE-5175-57CA-68D95B0BEA3B" otype="FKIndexAssociation" vid_source="BBC90281-8043-1828-8B88-29F095FE6376" vid_target="937ADC5C-4D51-7061-F39D-86A3A1224BF1">
<hideElementsInCurrentOnly>false</hideElementsInCurrentOnly>
<backgroundColor>-16777216</backgroundColor>
<lineWidth>1</lineWidth>
<points>
<point x="93" y="230"/>
<point x="93" y="143"/>
</points>
</Connector>
<Connector class="oracle.dbtools.crest.swingui.relational.TVFKRelation" oid="34CF8957-30D9-79A3-50EA-511EABF8975C" otype="FKIndexAssociation" vid_source="B4228617-3AFA-9C3B-6BF6-63B7E551F2AE" vid_target="B1E663EA-5AF6-C0FB-865A-D81C3F521FDB">
<hideElementsInCurrentOnly>false</hideElementsInCurrentOnly>
<backgroundColor>-16777216</backgroundColor>
<lineWidth>1</lineWidth>
<points>
<point x="670" y="210"/>
<point x="670" y="277"/>
</points>
</Connector>
<Connector class="oracle.dbtools.crest.swingui.relational.TVFKRelation" oid="45FD2F50-4A87-D1FF-5563-0AFED6B8D556" otype="FKIndexAssociation" vid_source="B1E663EA-5AF6-C0FB-865A-D81C3F521FDB" vid_target="FC9F4B0D-2CE7-E0DC-2FA9-15694B2285A0">
<hideElementsInCurrentOnly>false</hideElementsInCurrentOnly>
<backgroundColor>-16777216</backgroundColor>
<lineWidth>1</lineWidth>
<points>
<point x="1019" y="525"/>
<point x="776" y="525"/>
</points>
</Connector>
<Connector class="oracle.dbtools.crest.swingui.relational.TVFKRelation" oid="46DEAB67-504D-AA38-F4F0-E256554C2DB1" otype="FKIndexAssociation" vid_source="BBC90281-8043-1828-8B88-29F095FE6376" vid_target="89AD503A-398A-93A7-F19D-14113DA74DF2">
<hideElementsInCurrentOnly>false</hideElementsInCurrentOnly>
<backgroundColor>-16777216</backgroundColor>
<lineWidth>1</lineWidth>
<points>
<point x="220" y="297"/>
<point x="289" y="297"/>
</points>
</Connector>
<Connector class="oracle.dbtools.crest.swingui.relational.TVFKRelation" oid="5F2528DE-30BF-A9C1-DEE6-498833C11110" otype="FKIndexAssociation" vid_source="090A20F3-462E-0517-308E-2B57F2D38C41" vid_target="8D4F70CD-AA69-8B5A-E48C-EB585B3553D2">
<hideElementsInCurrentOnly>false</hideElementsInCurrentOnly>
<backgroundColor>-16777216</backgroundColor>
<lineWidth>1</lineWidth>
<points>
<point x="464" y="71"/>
<point x="415" y="71"/>
</points>
</Connector>
<Connector class="oracle.dbtools.crest.swingui.relational.TVFKRelation" oid="64CCE225-4663-3D0F-94CF-1B88130EC543" otype="FKIndexAssociation" vid_source="8D4F70CD-AA69-8B5A-E48C-EB585B3553D2" vid_target="EB767923-AEF4-76E9-AA5A-F68FC6FFE66D">
<hideElementsInCurrentOnly>false</hideElementsInCurrentOnly>
<backgroundColor>-16777216</backgroundColor>
<lineWidth>1</lineWidth>
<points>
<point x="322" y="151"/>
<point x="322" y="415"/>
</points>
</Connector>
<Connector class="oracle.dbtools.crest.swingui.relational.TVFKRelation" oid="656E1505-59BD-DC44-4E0A-8EF854B268A5" otype="FKIndexAssociation" vid_source="8D4F70CD-AA69-8B5A-E48C-EB585B3553D2" vid_target="BBC90281-8043-1828-8B88-29F095FE6376">
<hideElementsInCurrentOnly>false</hideElementsInCurrentOnly>
<backgroundColor>-16777216</backgroundColor>
<lineWidth>1</lineWidth>
<points>
<point x="211" y="151"/>
<point x="211" y="230"/>
</points>
</Connector>
<Connector class="oracle.dbtools.crest.swingui.relational.TVFKRelation" oid="7C7805B1-99BF-5AEA-6D91-BF2B16D28EC9" otype="FKIndexAssociation" vid_source="8D4F70CD-AA69-8B5A-E48C-EB585B3553D2" vid_target="89AD503A-398A-93A7-F19D-14113DA74DF2">
<hideElementsInCurrentOnly>false</hideElementsInCurrentOnly>
<backgroundColor>-16777216</backgroundColor>
<lineWidth>1</lineWidth>
<points>
<point x="352" y="151"/>
<point x="352" y="270"/>
</points>
</Connector>
<Connector class="oracle.dbtools.crest.swingui.relational.TVFKRelation" oid="A83BCC73-B2B6-44CF-75EC-371F2EB870BE" otype="FKIndexAssociation" vid_source="C41A1CFF-BA14-3ACF-5FC4-B45C8D498826" vid_target="090A20F3-462E-0517-308E-2B57F2D38C41">
<hideElementsInCurrentOnly>false</hideElementsInCurrentOnly>
<backgroundColor>-16777216</backgroundColor>
<lineWidth>1</lineWidth>
<points>
<point x="771" y="45"/>
<point x="682" y="45"/>
</points>
</Connector>
<Connector class="oracle.dbtools.crest.swingui.relational.TVFKRelation" oid="B2D61AAD-AA50-0AC0-B332-ED73695324CE" otype="FKIndexAssociation" vid_source="E0BC2FE7-6D08-0CBF-0B86-DA8118168BE4" vid_target="EB767923-AEF4-76E9-AA5A-F68FC6FFE66D">
<hideElementsInCurrentOnly>false</hideElementsInCurrentOnly>
<backgroundColor>-16777216</backgroundColor>
<lineWidth>1</lineWidth>
<points>
<point x="203" y="463"/>
<point x="229" y="463"/>
</points>
</Connector>
<Connector class="oracle.dbtools.crest.swingui.relational.TVFKRelation" oid="CCF7A303-B737-C76E-3E76-3FDC0AF4CB40" otype="FKIndexAssociation" vid_source="66A6D48E-812F-5E70-B8D3-0A596B5C85BC" vid_target="89AD503A-398A-93A7-F19D-14113DA74DF2">
<hideElementsInCurrentOnly>false</hideElementsInCurrentOnly>
<backgroundColor>-16777216</backgroundColor>
<lineWidth>1</lineWidth>
<points>
<point x="790" y="328"/>
<point x="518" y="328"/>
</points>
</Connector>
<Connector class="oracle.dbtools.crest.swingui.relational.TVFKRelation" oid="D332470D-878E-BCA1-960F-D331D3C44D6C" otype="FKIndexAssociation" vid_source="B1E663EA-5AF6-C0FB-865A-D81C3F521FDB" vid_target="66A6D48E-812F-5E70-B8D3-0A596B5C85BC">
<hideElementsInCurrentOnly>false</hideElementsInCurrentOnly>
<backgroundColor>-16777216</backgroundColor>
<lineWidth>1</lineWidth>
<points>
<point x="1019" y="341"/>
<point x="790" y="341"/>
</points>
</Connector>
<Connector class="oracle.dbtools.crest.swingui.relational.TVFKRelation" oid="DAC43711-08E3-31FC-8B34-B978B609A47F" otype="FKIndexAssociation" vid_source="175B3960-DB23-8F14-A4F5-D684A9822EED" vid_target="B1E663EA-5AF6-C0FB-865A-D81C3F521FDB">
<hideElementsInCurrentOnly>false</hideElementsInCurrentOnly>
<backgroundColor>-16777216</backgroundColor>
<lineWidth>1</lineWidth>
<points>
<point x="924" y="212"/>
<point x="924" y="277"/>
</points>
</Connector>
<Connector class="oracle.dbtools.crest.swingui.relational.TVFKRelation" oid="EFBFA12B-5B28-B235-589C-935EF48C2B1B" otype="FKIndexAssociation" vid_source="B1E663EA-5AF6-C0FB-865A-D81C3F521FDB" vid_target="9201DA49-60C7-9581-F26D-D55AC9956804">
<hideElementsInCurrentOnly>false</hideElementsInCurrentOnly>
<backgroundColor>-16777216</backgroundColor>
<lineWidth>1</lineWidth>
<points>
<point x="1019" y="434"/>
<point x="787" y="434"/>
</points>
</Connector>
<Connector class="oracle.dbtools.crest.swingui.relational.TVFKRelation" oid="F92E2207-3B4B-DA0F-1E38-A0BD67E79405" otype="FKIndexAssociation" vid_source="BBC90281-8043-1828-8B88-29F095FE6376" vid_target="EB767923-AEF4-76E9-AA5A-F68FC6FFE66D">
<hideElementsInCurrentOnly>false</hideElementsInCurrentOnly>
<backgroundColor>-16777216</backgroundColor>
<lineWidth>1</lineWidth>
<points>
<point x="158" y="325"/>
<point x="247" y="415"/>
</points>
</Connector>
</connectors>
<arcs>
<Arc class="oracle.dbtools.crest.swingui.relational.TVFKArc" oid="325CE3AC-D7B9-32C6-5B04-C1F4D08047B9" otype="FKArc" vid="BB7A93A8-32DA-FCBC-C159-9D92DA730716">
<hideElementsInCurrentOnly>false</hideElementsInCurrentOnly>
<bounds x="536" y="257" width="503" height="337"/>
</Arc>
</arcs>
</Diagram>