<?xml version = '1.0' encoding = 'UTF-8'?>
<FKArc class="oracle.dbtools.crest.model.design.relational.FKArc" directorySegmentName="seg_0" id="325CE3AC-D7B9-32C6-5B04-C1F4D08047B9" name="FKArc_1">
<createdBy>fifam</createdBy>
<createdTime>2025-10-10 14:36:33 UTC</createdTime>
<ownerDesignName>cristaleria_andina</ownerDesignName>
<mandatory>false</mandatory>
<reverseArc>true</reverseArc>
<table>C920603C-4919-E8A0-43CA-8A94203DC341</table>
<fkeys>
<fkeyID>EFBFA12B-5B28-B235-589C-935EF48C2B1B</fkeyID>
<fkeyID>45FD2F50-4A87-D1FF-5563-0AFED6B8D556</fkeyID>
<fkeyID>D332470D-878E-BCA1-960F-D331D3C44D6C</fkeyID>
</fkeys>
</FKArc>