<?xml version = '1.0' encoding = 'UTF-8'?>
<FKIndexAssociation class="oracle.dbtools.crest.model.design.relational.FKIndexAssociation" directorySegmentName="seg_0" id="090DE896-D65C-C6AA-AC27-AE902B110D82" containerWithKeyObject="C920603C-4919-E8A0-43CA-8A94203DC341" localFKIndex="FDC33D63-4CA5-F3EB-A1A4-A6EE6502DD94" name="EMPLEADO_EMPLEADO_FK">
<createdBy>fifam</createdBy>
<createdTime>2025-10-10 14:36:33 UTC</createdTime>
<generatorID>5D8FA59E-022A-6680-6025-1D0999C124F2</generatorID>
<ownerDesignName>cristaleria_andina</ownerDesignName>
<referredTableLongName>EMPLEADO</referredTableLongName>
<deleteRule>NO ACTION</deleteRule>
<referredTableID>C920603C-4919-E8A0-43CA-8A94203DC341</referredTableID>
<keyObject>6EF38D9E-6E0D-301F-1C4C-FB7DA5F76EAF</keyObject>
<referredKeyID>6EF38D9E-6E0D-301F-1C4C-FB7DA5F76EAF</referredKeyID>
<mandatory>true</mandatory>
<refColNames>id_empleado</refColNames>
<transferable>true</transferable>
<rely>false</rely>
<columnDependencyConstraintGenerateInDDL>true</columnDependencyConstraintGenerateInDDL>
</FKIndexAssociation>