<?xml version = '1.0' encoding = 'UTF-8'?>
<FKIndexAssociation class="oracle.dbtools.crest.model.design.relational.FKIndexAssociation" directorySegmentName="seg_0" id="20DC4FD3-F121-D8CF-0A40-F94D04FCB00A" containerWithKeyObject="21CF448A-55E8-1822-AA25-EFCCD290D0E6" localFKIndex="AA4F2023-0362-4F70-2F47-8B813DE7BD5B" name="ASIGNACION_TURNO_EMPLEADO_FK">
<createdBy>fifam</createdBy>
<createdTime>2025-10-10 14:36:33 UTC</createdTime>
<generatorID>BC75AC0A-D051-0EFE-0F94-71E2FF26F37C</generatorID>
<ownerDesignName>cristaleria_andina</ownerDesignName>
<referredTableLongName>EMPLEADO</referredTableLongName>
<deleteRule>NO ACTION</deleteRule>
<referredTableID>C920603C-4919-E8A0-43CA-8A94203DC341</referredTableID>
<keyObject>6EF38D9E-6E0D-301F-1C4C-FB7DA5F76EAF</keyObject>
<referredKeyID>6EF38D9E-6E0D-301F-1C4C-FB7DA5F76EAF</referredKeyID>
<mandatory>true</mandatory>
<refColNames>id_empleado</refColNames>
<transferable>true</transferable>
<rely>false</rely>
<columnDependencyConstraintGenerateInDDL>true</columnDependencyConstraintGenerateInDDL>
</FKIndexAssociation>