<?xml version = '1.0' encoding = 'UTF-8'?>
<FKIndexAssociation class="oracle.dbtools.crest.model.design.relational.FKIndexAssociation" directorySegmentName="seg_0" id="23E26554-20F8-DE98-E67E-B66F5E13544E" containerWithKeyObject="C920603C-4919-E8A0-43CA-8A94203DC341" localFKIndex="116CA5F9-CFC2-6489-59D5-F6FDD4A721B1" name="EMPLEADO_PLANTA_FK">
<createdBy>fifam</createdBy>
<createdTime>2025-10-10 14:36:33 UTC</createdTime>
<generatorID>76CC2DB6-1067-6878-DD04-2E0F5CE6E9B6</generatorID>
<ownerDesignName>cristaleria_andina</ownerDesignName>
<referredTableLongName>PLANTA</referredTableLongName>
<deleteRule>NO ACTION</deleteRule>
<referredTableID>EC97B1E3-9124-AF5C-80B1-26605B894FD1</referredTableID>
<keyObject>AB3FBE9F-AEDB-847E-A480-E8DC4164D987</keyObject>
<referredKeyID>AB3FBE9F-AEDB-847E-A480-E8DC4164D987</referredKeyID>
<mandatory>true</mandatory>
<refColNames>id_planta,COMUNA_id_comuna</refColNames>
<transferable>true</transferable>
<rely>false</rely>
<columnDependencyConstraintGenerateInDDL>true</columnDependencyConstraintGenerateInDDL>
</FKIndexAssociation>