<?xml version = '1.0' encoding = 'UTF-8'?>
<FKIndexAssociation class="oracle.dbtools.crest.model.design.relational.FKIndexAssociation" directorySegmentName="seg_0" id="2485A048-A8BE-5175-57CA-68D95B0BEA3B" containerWithKeyObject="EDC6DAF8-B8AB-0FB1-8072-A5621FCF202E" localFKIndex="2E9586DF-EBE6-00EE-FC22-3369E8516BFC" name="TIPO_DE_MAQUINA_MAQUINA_FK">
<createdBy>fifam</createdBy>
<createdTime>2025-10-10 14:36:33 UTC</createdTime>
<generatorID>4DF11F77-1A8D-5DB7-4EC2-E17C67C090E6</generatorID>
<ownerDesignName>cristaleria_andina</ownerDesignName>
<referredTableLongName>MAQUINA</referredTableLongName>
<deleteRule>NO ACTION</deleteRule>
<referredTableID>BF8EAD05-8586-9488-839A-DB9CDA8CBEE5</referredTableID>
<keyObject>2BA9AF98-A4DF-3791-3176-34E49FC065AE</keyObject>
<referredKeyID>2BA9AF98-A4DF-3791-3176-34E49FC065AE</referredKeyID>
<mandatory>true</mandatory>
<refColNames>numero_maquina,planta_id</refColNames>
<transferable>true</transferable>
<rely>false</rely>
<columnDependencyConstraintGenerateInDDL>true</columnDependencyConstraintGenerateInDDL>
</FKIndexAssociation>