<?xml version = '1.0' encoding = 'UTF-8'?>
<FKIndexAssociation class="oracle.dbtools.crest.model.design.relational.FKIndexAssociation" directorySegmentName="seg_0" id="34CF8957-30D9-79A3-50EA-511EABF8975C" containerWithKeyObject="C920603C-4919-E8A0-43CA-8A94203DC341" localFKIndex="444665DF-8FC3-F159-D2F3-277800A50842" name="EMPLEADO_AFP_FK">
<createdBy>fifam</createdBy>
<createdTime>2025-10-10 14:36:33 UTC</createdTime>
<generatorID>9C945C38-6E8B-4062-B131-48E35EADCB57</generatorID>
<ownerDesignName>cristaleria_andina</ownerDesignName>
<referredTableLongName>AFP</referredTableLongName>
<deleteRule>NO ACTION</deleteRule>
<referredTableID>8065A7F8-F3C2-06CB-F2CE-6F8D98F284BA</referredTableID>
<keyObject>9073B787-21D0-007A-A294-416F0644C744</keyObject>
<referredKeyID>9073B787-21D0-007A-A294-416F0644C744</referredKeyID>
<mandatory>true</mandatory>
<refColNames>id_afp</refColNames>
<transferable>true</transferable>
<rely>false</rely>
<columnDependencyConstraintGenerateInDDL>true</columnDependencyConstraintGenerateInDDL>
</FKIndexAssociation>