<?xml version = '1.0' encoding = 'UTF-8'?>
<FKIndexAssociation class="oracle.dbtools.crest.model.design.relational.FKIndexAssociation" directorySegmentName="seg_0" id="45FD2F50-4A87-D1FF-5563-0AFED6B8D556" containerWithKeyObject="4D5A4385-336E-809D-565B-774019BCFBB0" localFKIndex="E21F6449-4445-BB26-D0DE-713FEC0261B0" name="JEFE_TURNO_EMPLEADO_FK">
<createdBy>fifam</createdBy>
<createdTime>2025-10-10 14:36:33 UTC</createdTime>
<generatorID>C90BA125-45B5-4EAF-3B84-9E82B35176FE</generatorID>
<ownerDesignName>cristaleria_andina</ownerDesignName>
<referredTableLongName>EMPLEADO</referredTableLongName>
<arc>325CE3AC-D7B9-32C6-5B04-C1F4D08047B9</arc>
<deleteRule>NO ACTION</deleteRule>
<referredTableID>C920603C-4919-E8A0-43CA-8A94203DC341</referredTableID>
<keyObject>6EF38D9E-6E0D-301F-1C4C-FB7DA5F76EAF</keyObject>
<referredKeyID>6EF38D9E-6E0D-301F-1C4C-FB7DA5F76EAF</referredKeyID>
<mandatory>true</mandatory>
<refColNames>id_empleado</refColNames>
<transferable>true</transferable>
<rely>false</rely>
<columnDependencyConstraintGenerateInDDL>true</columnDependencyConstraintGenerateInDDL>
</FKIndexAssociation>