<?xml version = '1.0' encoding = 'UTF-8'?>
<FKIndexAssociation class="oracle.dbtools.crest.model.design.relational.FKIndexAssociation" directorySegmentName="seg_0" id="46DEAB67-504D-AA38-F4F0-E256554C2DB1" containerWithKeyObject="B1FADB0C-FD70-7D8F-BD57-E4D0B6201E14" localFKIndex="CBE6A9AF-AE8A-E1C1-BF60-2BB5E4765C32" name="ORDEN_MANTENCION_MAQUINA_FK">
<createdBy>fifam</createdBy>
<createdTime>2025-10-10 14:36:33 UTC</createdTime>
<generatorID>4FD9A978-A672-5137-D003-56D7B4B59BFD</generatorID>
<ownerDesignName>cristaleria_andina</ownerDesignName>
<referredTableLongName>MAQUINA</referredTableLongName>
<deleteRule>NO ACTION</deleteRule>
<referredTableID>BF8EAD05-8586-9488-839A-DB9CDA8CBEE5</referredTableID>
<keyObject>2BA9AF98-A4DF-3791-3176-34E49FC065AE</keyObject>
<referredKeyID>2BA9AF98-A4DF-3791-3176-34E49FC065AE</referredKeyID>
<mandatory>true</mandatory>
<refColNames>numero_maquina,planta_id</refColNames>
<transferable>true</transferable>
<rely>false</rely>
<columnDependencyConstraintGenerateInDDL>true</columnDependencyConstraintGenerateInDDL>
</FKIndexAssociation>