<?xml version = '1.0' encoding = 'UTF-8'?>
<FKIndexAssociation class="oracle.dbtools.crest.model.design.relational.FKIndexAssociation" directorySegmentName="seg_0" id="5F2528DE-30BF-A9C1-DEE6-498833C11110" containerWithKeyObject="EC97B1E3-9124-AF5C-80B1-26605B894FD1" localFKIndex="19A3316D-A81C-4CE6-44E1-68BEA4F362BC" name="PLANTA_COMUNA_FK">
<createdBy>fifam</createdBy>
<createdTime>2025-10-10 14:36:33 UTC</createdTime>
<generatorID>7B081605-B3F2-67AE-28D8-8041BB76A450</generatorID>
<ownerDesignName>cristaleria_andina</ownerDesignName>
<referredTableLongName>COMUNA</referredTableLongName>
<deleteRule>NO ACTION</deleteRule>
<referredTableID>959C511F-CAC1-EDE7-3057-7081E25322A1</referredTableID>
<keyObject>DB024084-171C-B46A-3255-9C2474B476C1</keyObject>
<referredKeyID>DB024084-171C-B46A-3255-9C2474B476C1</referredKeyID>
<mandatory>true</mandatory>
<refColNames>id_comuna</refColNames>
<transferable>true</transferable>
<rely>false</rely>
<columnDependencyConstraintGenerateInDDL>true</columnDependencyConstraintGenerateInDDL>
</FKIndexAssociation>