<?xml version = '1.0' encoding = 'UTF-8'?>
<FKIndexAssociation class="oracle.dbtools.crest.model.design.relational.FKIndexAssociation" directorySegmentName="seg_0" id="64CCE225-4663-3D0F-94CF-1B88130EC543" containerWithKeyObject="21CF448A-55E8-1822-AA25-EFCCD290D0E6" localFKIndex="E2499039-EE6C-207E-0F8E-9091ACB1D8DF" name="ASIGNACION_TURNO_PLANTA_FK">
<createdBy>fifam</createdBy>
<createdTime>2025-10-10 14:36:33 UTC</createdTime>
<generatorID>14D64D40-8CD1-5B2C-EE1E-E425FF32E5B4</generatorID>
<ownerDesignName>cristaleria_andina</ownerDesignName>
<referredTableLongName>PLANTA</referredTableLongName>
<deleteRule>NO ACTION</deleteRule>
<referredTableID>EC97B1E3-9124-AF5C-80B1-26605B894FD1</referredTableID>
<keyObject>AB3FBE9F-AEDB-847E-A480-E8DC4164D987</keyObject>
<referredKeyID>AB3FBE9F-AEDB-847E-A480-E8DC4164D987</referredKeyID>
<mandatory>true</mandatory>
<refColNames>id_planta,COMUNA_id_comuna</refColNames>
<transferable>true</transferable>
<rely>false</rely>
<columnDependencyConstraintGenerateInDDL>true</columnDependencyConstraintGenerateInDDL>
</FKIndexAssociation>