<?xml version = '1.0' encoding = 'UTF-8'?>
<FKIndexAssociation class="oracle.dbtools.crest.model.design.relational.FKIndexAssociation" directorySegmentName="seg_0" id="656E1505-59BD-DC44-4E0A-8EF854B268A5" containerWithKeyObject="BF8EAD05-8586-9488-839A-DB9CDA8CBEE5" localFKIndex="5FE13F33-AE22-A169-E86B-94BB5889D81A" name="MAQUINA_PLANTA_FK">
<createdBy>fifam</createdBy>
<createdTime>2025-10-10 14:36:33 UTC</createdTime>
<generatorID>0355866C-9B10-D52E-9CC3-C0EF055E1A51</generatorID>
<ownerDesignName>cristaleria_andina</ownerDesignName>
<referredTableLongName>PLANTA</referredTableLongName>
<deleteRule>NO ACTION</deleteRule>
<referredTableID>EC97B1E3-9124-AF5C-80B1-26605B894FD1</referredTableID>
<keyObject>AB3FBE9F-AEDB-847E-A480-E8DC4164D987</keyObject>
<referredKeyID>AB3FBE9F-AEDB-847E-A480-E8DC4164D987</referredKeyID>
<mandatory>true</mandatory>
<refColNames>id_planta,COMUNA_id_comuna</refColNames>
<transferable>true</transferable>
<rely>false</rely>
<columnDependencyConstraintGenerateInDDL>true</columnDependencyConstraintGenerateInDDL>
</FKIndexAssociation>