<?xml version = '1.0' encoding = 'UTF-8'?>
<FKIndexAssociation class="oracle.dbtools.crest.model.design.relational.FKIndexAssociation" directorySegmentName="seg_0" id="7C7805B1-99BF-5AEA-6D91-BF2B16D28EC9" containerWithKeyObject="B1FADB0C-FD70-7D8F-BD57-E4D0B6201E14" localFKIndex="950E5E91-A6A9-6100-CE45-1B5234B6900B" name="ORDEN_MANTENCION_PLANTA_FK">
<createdBy>fifam</createdBy>
<createdTime>2025-10-10 14:36:33 UTC</createdTime>
<generatorID>9D0504A9-453C-1ECC-8D7E-13566456C296</generatorID>
<ownerDesignName>cristaleria_andina</ownerDesignName>
<referredTableLongName>PLANTA</referredTableLongName>
<deleteRule>NO ACTION</deleteRule>
<referredTableID>EC97B1E3-9124-AF5C-80B1-26605B894FD1</referredTableID>
<keyObject>AB3FBE9F-AEDB-847E-A480-E8DC4164D987</keyObject>
<referredKeyID>AB3FBE9F-AEDB-847E-A480-E8DC4164D987</referredKeyID>
<mandatory>true</mandatory>
<refColNames>id_planta,COMUNA_id_comuna</refColNames>
<transferable>true</transferable>
<rely>false</rely>
<columnDependencyConstraintGenerateInDDL>true</columnDependencyConstraintGenerateInDDL>
</FKIndexAssociation>