<?xml version = '1.0' encoding = 'UTF-8'?>
<FKIndexAssociation class="oracle.dbtools.crest.model.design.relational.FKIndexAssociation" directorySegmentName="seg_0" id="A83BCC73-B2B6-44CF-75EC-371F2EB870BE" containerWithKeyObject="959C511F-CAC1-EDE7-3057-7081E25322A1" localFKIndex="C489D5BB-970B-AB48-4F61-63C4F76AFBC7" name="COMUNA_REGION_FK">
<createdBy>fifam</createdBy>
<createdTime>2025-10-10 14:36:33 UTC</createdTime>
<generatorID>2EDB0651-3C3A-8CCF-1922-5E667D3F0885</generatorID>
<ownerDesignName>cristaleria_andina</ownerDesignName>
<referredTableLongName>REGION</referredTableLongName>
<deleteRule>NO ACTION</deleteRule>
<referredTableID>8CA1819B-7504-AA6D-5DEC-EA8997C87175</referredTableID>
<keyObject>89768A3C-D6BA-5A81-5C2D-3897DEF6FEF0</keyObject>
<referredKeyID>89768A3C-D6BA-5A81-5C2D-3897DEF6FEF0</referredKeyID>
<mandatory>true</mandatory>
<refColNames>id_region</refColNames>
<transferable>true</transferable>
<rely>false</rely>
<columnDependencyConstraintGenerateInDDL>true</columnDependencyConstraintGenerateInDDL>
</FKIndexAssociation>