<?xml version = '1.0' encoding = 'UTF-8'?>
<FKIndexAssociation class="oracle.dbtools.crest.model.design.relational.FKIndexAssociation" directorySegmentName="seg_0" id="B2D61AAD-AA50-0AC0-B332-ED73695324CE" containerWithKeyObject="21CF448A-55E8-1822-AA25-EFCCD290D0E6" localFKIndex="6B8434FF-B72B-B92C-5EAD-91F2BDE2E63D" name="ASIGNACION_TURNO_TURNO_FK">
<createdBy>fifam</createdBy>
<createdTime>2025-10-10 14:36:33 UTC</createdTime>
<generatorID>655B8497-1F73-A92F-D8AE-9506B70DA23E</generatorID>
<ownerDesignName>cristaleria_andina</ownerDesignName>
<referredTableLongName>TURNO</referredTableLongName>
<deleteRule>NO ACTION</deleteRule>
<referredTableID>92AAB78E-DF88-9123-180F-06C165D93B02</referredTableID>
<keyObject>90825C4B-185D-C00D-1073-D1C628F26EF1</keyObject>
<referredKeyID>90825C4B-185D-C00D-1073-D1C628F26EF1</referredKeyID>
<mandatory>true</mandatory>
<refColNames>id_turno</refColNames>
<transferable>true</transferable>
<rely>false</rely>
<columnDependencyConstraintGenerateInDDL>true</columnDependencyConstraintGenerateInDDL>
</FKIndexAssociation>