<?xml version = '1.0' encoding = 'UTF-8'?>
<FKIndexAssociation class="oracle.dbtools.crest.model.design.relational.FKIndexAssociation" directorySegmentName="seg_0" id="CCF7A303-B737-C76E-3E76-3FDC0AF4CB40" containerWithKeyObject="B1FADB0C-FD70-7D8F-BD57-E4D0B6201E14" localFKIndex="B44FDFF3-74B1-174E-7617-90E539540094" name="ORDEN_MANTENCION_TECNICO_MANTENCION_FK">
<createdBy>fifam</createdBy>
<createdTime>2025-10-10 14:36:33 UTC</createdTime>
<generatorID>1DE9F944-D423-242F-0D13-878A12D10BFD</generatorID>
<ownerDesignName>cristaleria_andina</ownerDesignName>
<referredTableLongName>TECNICO_MANTENCION</referredTableLongName>
<deleteRule>NO ACTION</deleteRule>
<referredTableID>6BAA33AA-3ABD-F33C-119A-57ECA96DC301</referredTableID>
<keyObject>746A1C39-8FA4-F41F-3F92-E810147FE785</keyObject>
<referredKeyID>746A1C39-8FA4-F41F-3F92-E810147FE785</referredKeyID>
<mandatory>true</mandatory>
<refColNames>id_empleado</refColNames>
<transferable>true</transferable>
<rely>false</rely>
<columnDependencyConstraintGenerateInDDL>true</columnDependencyConstraintGenerateInDDL>
</FKIndexAssociation>