<?xml version = '1.0' encoding = 'UTF-8'?>
<FKIndexAssociation class="oracle.dbtools.crest.model.design.relational.FKIndexAssociation" directorySegmentName="seg_0" id="D332470D-878E-BCA1-960F-D331D3C44D6C" containerWithKeyObject="6BAA33AA-3ABD-F33C-119A-57ECA96DC301" localFKIndex="49A52033-28FC-7AE0-B4DB-10E83ADE41B9" name="TECNICO_MANTENCION_EMPLEADO_FK">
<createdBy>fifam</createdBy>
<createdTime>2025-10-10 14:36:33 UTC</createdTime>
<generatorID>D9638B93-C487-D756-1D9B-22A8C0041FD9</generatorID>
<ownerDesignName>cristaleria_andina</ownerDesignName>
<referredTableLongName>EMPLEADO</referredTableLongName>
<arc>325CE3AC-D7B9-32C6-5B04-C1F4D08047B9</arc>
<deleteRule>NO ACTION</deleteRule>
<referredTableID>C920603C-4919-E8A0-43CA-8A94203DC341</referredTableID>
<keyObject>6EF38D9E-6E0D-301F-1C4C-FB7DA5F76EAF</keyObject>
<referredKeyID>6EF38D9E-6E0D-301F-1C4C-FB7DA5F76EAF</referredKeyID>
<mandatory>true</mandatory>
<refColNames>id_empleado</refColNames>
<transferable>true</transferable>
<rely>false</rely>
<columnDependencyConstraintGenerateInDDL>true</columnDependencyConstraintGenerateInDDL>
</FKIndexAssociation>