<?xml version = '1.0' encoding = 'UTF-8'?>
<FKIndexAssociation class="oracle.dbtools.crest.model.design.relational.FKIndexAssociation" directorySegmentName="seg_0" id="DAC43711-08E3-31FC-8B34-B978B609A47F" containerWithKeyObject="C920603C-4919-E8A0-43CA-8A94203DC341" localFKIndex="777E423C-034E-BD30-1E74-B1B6BD222999" name="EMPLEADO_SISTEMA_DE_SALUD_FK">
<createdBy>fifam</createdBy>
<createdTime>2025-10-10 14:36:33 UTC</createdTime>
<generatorID>A1EDBF87-7670-FD16-10F5-1EAF626E340A</generatorID>
<ownerDesignName>cristaleria_andina</ownerDesignName>
<referredTableLongName>SISTEMA_DE_SALUD</referredTableLongName>
<deleteRule>NO ACTION</deleteRule>
<referredTableID>9B79DF56-FDB2-050B-8DDE-4C3ACF14A718</referredTableID>
<keyObject>EED3F679-2E88-DC93-A467-26D826874900</keyObject>
<referredKeyID>EED3F679-2E88-DC93-A467-26D826874900</referredKeyID>
<mandatory>true</mandatory>
<refColNames>id_sistema_salud</refColNames>
<transferable>true</transferable>
<rely>false</rely>
<columnDependencyConstraintGenerateInDDL>true</columnDependencyConstraintGenerateInDDL>
</FKIndexAssociation>