<?xml version = '1.0' encoding = 'UTF-8'?>
<FKIndexAssociation class="oracle.dbtools.crest.model.design.relational.FKIndexAssociation" directorySegmentName="seg_0" id="EFBFA12B-5B28-B235-589C-935EF48C2B1B" containerWithKeyObject="13F5A174-4958-589D-CAAF-4AC1C90FC4DC" localFKIndex="080840B0-7885-D9A4-E54F-2DCAAC0719F7" name="OPERARIO_EMPLEADO_FK">
<createdBy>fifam</createdBy>
<createdTime>2025-10-10 14:36:33 UTC</createdTime>
<generatorID>3ADC2F65-B20D-F0E1-2F78-A02BC400AA39</generatorID>
<ownerDesignName>cristaleria_andina</ownerDesignName>
<referredTableLongName>EMPLEADO</referredTableLongName>
<arc>325CE3AC-D7B9-32C6-5B04-C1F4D08047B9</arc>
<deleteRule>NO ACTION</deleteRule>
<referredTableID>C920603C-4919-E8A0-43CA-8A94203DC341</referredTableID>
<keyObject>6EF38D9E-6E0D-301F-1C4C-FB7DA5F76EAF</keyObject>
<referredKeyID>6EF38D9E-6E0D-301F-1C4C-FB7DA5F76EAF</referredKeyID>
<mandatory>true</mandatory>
<refColNames>id_empleado</refColNames>
<transferable>true</transferable>
<rely>false</rely>
<columnDependencyConstraintGenerateInDDL>true</columnDependencyConstraintGenerateInDDL>
</FKIndexAssociation>