<?xml version = '1.0' encoding = 'UTF-8'?>
<FKIndexAssociation class="oracle.dbtools.crest.model.design.relational.FKIndexAssociation" directorySegmentName="seg_0" id="F92E2207-3B4B-DA0F-1E38-A0BD67E79405" containerWithKeyObject="21CF448A-55E8-1822-AA25-EFCCD290D0E6" localFKIndex="1B80B7CB-2D10-F5D2-E3B5-3ED12ABD7F70" name="ASIGNACION_TURNO_MAQUINA_FK">
<createdBy>fifam</createdBy>
<createdTime>2025-10-10 14:36:33 UTC</createdTime>
<generatorID>5E4B43E8-563E-0806-2BA5-B9BA620C7A19</generatorID>
<ownerDesignName>cristaleria_andina</ownerDesignName>
<referredTableLongName>MAQUINA</referredTableLongName>
<deleteRule>NO ACTION</deleteRule>
<referredTableID>BF8EAD05-8586-9488-839A-DB9CDA8CBEE5</referredTableID>
<keyObject>2BA9AF98-A4DF-3791-3176-34E49FC065AE</keyObject>
<referredKeyID>2BA9AF98-A4DF-3791-3176-34E49FC065AE</referredKeyID>
<mandatory>true</mandatory>
<refColNames>numero_maquina,planta_id</refColNames>
<transferable>true</transferable>
<rely>false</rely>
<columnDependencyConstraintGenerateInDDL>true</columnDependencyConstraintGenerateInDDL>
</FKIndexAssociation>