<?xml version = '1.0' encoding = 'UTF-8'?>
<InheritanceRelation class="oracle.dbtools.crest.model.design.logical.InheritanceRelation" name="Hierarchy_3" directorySegmentName="seg_0" id="484D418D-977A-05E6-C7C7-7344C02E26CB">
<createdBy>fifam</createdBy>
<createdTime>2025-08-28 19:55:24 UTC</createdTime>
<ownerDesignName>sumativa_S3</ownerDesignName>
<engineerTo>
<item key="2EDE70E7-D178-31F5-9080-9CD0CDE705C9" value="true"/>
</engineerTo>
<identifying>false</identifying>
<nameOnSource>Super Type</nameOnSource>
<nameOnTarget>Sub Type</nameOnTarget>
<optionalSource>true</optionalSource>
<optionalTarget>true</optionalTarget>
<sourceEntity>ED92C34B-E4FC-0022-93B6-1CE43F205C9C</sourceEntity>
<targetEntity>48D928C9-B628-48C2-7E2E-FB23DD4A5678</targetEntity>
<transferable>true</transferable>
<deleteRule>NO ACTION</deleteRule>
</InheritanceRelation>