<?xml version = '1.0' encoding = 'UTF-8'?>
<InheritanceRelation class="oracle.dbtools.crest.model.design.logical.InheritanceRelation" name="Hierarchy_2" directorySegmentName="seg_0" id="52645F29-38BA-84B8-6074-F59559B44136">
<createdBy>fifam</createdBy>
<createdTime>2025-08-28 19:40:24 UTC</createdTime>
<ownerDesignName>sumativa_S3</ownerDesignName>
<engineerTo>
<item key="2EDE70E7-D178-31F5-9080-9CD0CDE705C9" value="true"/>
</engineerTo>
<identifying>false</identifying>
<nameOnSource>Super Type</nameOnSource>
<nameOnTarget>Sub Type</nameOnTarget>
<optionalSource>true</optionalSource>
<optionalTarget>true</optionalTarget>
<sourceEntity>66865ACE-C7D6-7D5D-94DD-A09EC6B419A5</sourceEntity>
<targetEntity>ED92C34B-E4FC-0022-93B6-1CE43F205C9C</targetEntity>
<transferable>true</transferable>
<deleteRule>NO ACTION</deleteRule>
</InheritanceRelation>