<?xml version = '1.0' encoding = 'UTF-8'?>
<relationalModel class="oracle.dbtools.crest.model.design.relational.RelationalDesign" name="Relational_1" id="A563B0B6-0697-605C-0C78-5CEABBFDB7C1" mainViewID="F5ABE76F-C88B-1130-6D31-4F61A8920932">
<createdBy>fifam</createdBy>
<createdTime>2025-10-10 02:43:31 UTC</createdTime>
<ownerDesignName>cristaleria_andina</ownerDesignName>
<shouldBeOpen>false</shouldBeOpen>
<selectedRDBMSSite>32076570-2523-435C-2E92-BF29817DFF70</selectedRDBMSSite>
</relationalModel>