<?xml version = '1.0' encoding = 'UTF-8'?>
<InheritanceRelation class="oracle.dbtools.crest.model.design.logical.InheritanceRelation" name="Hierarchy_3" directorySegmentName="seg_0" id="D9638B93-C487-D756-1D9B-22A8C0041FD9">
<createdBy>fifam</createdBy>
<createdTime>2025-10-10 03:54:05 UTC</createdTime>
<ownerDesignName>cristaleria_andina</ownerDesignName>
<engineerTo>
<item key="A563B0B6-0697-605C-0C78-5CEABBFDB7C1" value="true"/>
</engineerTo>
<identifying>false</identifying>
<nameOnSource>Super Type</nameOnSource>
<nameOnTarget>Sub Type</nameOnTarget>
<optionalSource>true</optionalSource>
<optionalTarget>true</optionalTarget>
<sourceEntity>123C7308-3C46-9316-C1AE-991963333937</sourceEntity>
<targetEntity>AEFF788C-3104-E2A2-009A-66DB95209AA6</targetEntity>
<transferable>true</transferable>
<deleteRule>NO ACTION</deleteRule>
</InheritanceRelation>