<?xml version = '1.0' encoding = 'UTF-8'?>
<Table class="oracle.dbtools.crest.model.design.relational.Table" directorySegmentName="seg_0" id="21CF448A-55E8-1822-AA25-EFCCD290D0E6" name="ASIGNACION_TURNO">
<createdBy>fifam</createdBy>
<createdTime>2025-10-10 14:36:33 UTC</createdTime>
<generatorID>B34CCC99-5F6B-852E-4135-931A600A027B</generatorID>
<ownerDesignName>cristaleria_andina</ownerDesignName>
<allowColumnReorder>false</allowColumnReorder>
<existDependencyGenerateInDDl>true</existDependencyGenerateInDDl>
<parsed>true</parsed>
<columns itemClass="oracle.dbtools.crest.model.design.relational.Column">
<Column name="empleado_id" id="D23ADBE5-00FE-DE50-86E6-F6586EBD027C">
<createdBy>fifam</createdBy>
<createdTime>2025-10-10 14:36:33 UTC</createdTime>
<generatorID>EEC4227F-2B26-F86E-8114-655D269F561C</generatorID>
<ownerDesignName>cristaleria_andina</ownerDesignName>
<useDomainConstraints>false</useDomainConstraints>
<use>1</use>
<logicalDatatype>LOGDT011</logicalDatatype>
<ownDataTypeParameters>,,</ownDataTypeParameters>
<autoIncrementCycle>false</autoIncrementCycle>
</Column>
<Column name="fecha" id="FF03E67A-A475-1317-E79E-D9E88CDBA4CE">
<createdBy>fifam</createdBy>
<createdTime>2025-10-10 14:36:33 UTC</createdTime>
<generatorID>1562E75B-BC3F-5A3D-B59C-F919647AA800</generatorID>
<ownerDesignName>cristaleria_andina</ownerDesignName>
<useDomainConstraints>false</useDomainConstraints>
<use>1</use>
<logicalDatatype>LOGDT007</logicalDatatype>
<ownDataTypeParameters>,,</ownDataTypeParameters>
<autoIncrementCycle>false</autoIncrementCycle>
</Column>
<Column name="rol_desempenado" id="DBA79608-357E-C4C3-6050-7C4D26025149">
<createdBy>fifam</createdBy>
<createdTime>2025-10-10 14:36:33 UTC</createdTime>
<generatorID>DA3B4E00-406E-AB53-EB9A-249E51DD0C4B</generatorID>
<ownerDesignName>cristaleria_andina</ownerDesignName>
<useDomainConstraints>false</useDomainConstraints>
<use>1</use>
<logicalDatatype>LOGDT024</logicalDatatype>
<dataTypeSize>100</dataTypeSize>
<ownDataTypeParameters>100,,</ownDataTypeParameters>
<autoIncrementCycle>false</autoIncrementCycle>
</Column>
<Column name="EMPLEADO_id_empleado" id="77A224FF-DDE9-D903-C9A1-B1AD03E7716E">
<createdBy>fifam</createdBy>
<createdTime>2025-10-10 14:36:33 UTC</createdTime>
<generatorID>2D07E58C-B89E-65A5-690D-467532DA8CFA</generatorID>
<ownerDesignName>cristaleria_andina</ownerDesignName>
<useDomainConstraints>false</useDomainConstraints>
<use>1</use>
<logicalDatatype>LOGDT011</logicalDatatype>
<ownDataTypeParameters>,,</ownDataTypeParameters>
<previousColumn>false</previousColumn>
<autoIncrementCycle>false</autoIncrementCycle>
<associations>
<colAssociation fkAssociation="20DC4FD3-F121-D8CF-0A40-F94D04FCB00A" referredColumn="B71B86D6-0C76-EB70-C935-4E460DB93D3B"/>
</associations>
</Column>
<Column name="TURNO_id_turno" id="B51E98EA-7839-1ADC-EABD-E54AD59AE6E5">
<createdBy>fifam</createdBy>
<createdTime>2025-10-10 14:36:33 UTC</createdTime>
<generatorID>A8AB9170-AC0D-A6D9-C8F8-0CD6B49DCE74</generatorID>
<ownerDesignName>cristaleria_andina</ownerDesignName>
<useDomainConstraints>false</useDomainConstraints>
<use>1</use>
<logicalDatatype>LOGDT011</logicalDatatype>
<ownDataTypeParameters>,,</ownDataTypeParameters>
<previousColumn>false</previousColumn>
<autoIncrementCycle>false</autoIncrementCycle>
<associations>
<colAssociation fkAssociation="B2D61AAD-AA50-0AC0-B332-ED73695324CE" referredColumn="50C594E4-2393-4D69-3B9B-2B5AB009F4EC"/>
</associations>
</Column>
<Column name="MAQUINA_numero_maquina" id="6F1703A2-3AC9-89C7-AA5B-30BE6359DE4E">
<createdBy>fifam</createdBy>
<createdTime>2025-10-10 14:36:33 UTC</createdTime>
<generatorID>86251974-7340-6D40-BE6C-8AA9D2937D13</generatorID>
<ownerDesignName>cristaleria_andina</ownerDesignName>
<useDomainConstraints>false</useDomainConstraints>
<use>1</use>
<logicalDatatype>LOGDT011</logicalDatatype>
<ownDataTypeParameters>,,</ownDataTypeParameters>
<previousColumn>false</previousColumn>
<autoIncrementCycle>false</autoIncrementCycle>
<associations>
<colAssociation fkAssociation="F92E2207-3B4B-DA0F-1E38-A0BD67E79405" referredColumn="5D060334-EC45-A395-2935-53F508B34A2B"/>
</associations>
</Column>
<Column name="MAQUINA_planta_id" id="628F2126-E097-9906-3E89-D684CF6EB078">
<createdBy>fifam</createdBy>
<createdTime>2025-10-10 14:36:33 UTC</createdTime>
<generatorID>A99E9B54-F275-915C-1265-4D3FD06D400A</generatorID>
<ownerDesignName>cristaleria_andina</ownerDesignName>
<useDomainConstraints>false</useDomainConstraints>
<use>1</use>
<logicalDatatype>LOGDT011</logicalDatatype>
<ownDataTypeParameters>,,</ownDataTypeParameters>
<previousColumn>false</previousColumn>
<autoIncrementCycle>false</autoIncrementCycle>
<associations>
<colAssociation fkAssociation="F92E2207-3B4B-DA0F-1E38-A0BD67E79405" referredColumn="2A01790C-9A25-F5F0-3D06-DBF201587E3C"/>
</associations>
</Column>
<Column name="PLANTA_id_planta" id="F7CFDC0A-5941-580B-A942-7513D8E86765">
<createdBy>fifam</createdBy>
<createdTime>2025-10-10 14:36:33 UTC</createdTime>
<generatorID>5153FF85-A932-E812-6178-3F074CAA43D9</generatorID>
<ownerDesignName>cristaleria_andina</ownerDesignName>
<useDomainConstraints>false</useDomainConstraints>
<use>1</use>
<logicalDatatype>LOGDT011</logicalDatatype>
<ownDataTypeParameters>,,</ownDataTypeParameters>
<previousColumn>false</previousColumn>
<autoIncrementCycle>false</autoIncrementCycle>
<associations>
<colAssociation fkAssociation="64CCE225-4663-3D0F-94CF-1B88130EC543" referredColumn="54EE92CA-569B-177D-4ABC-CC9EF14A2825"/>
</associations>
</Column>
<Column name="PLANTA_COMUNA_id_comuna" id="81FCD4C7-CEFE-C1C6-B6D2-B29FB43F4D00">
<createdBy>fifam</createdBy>
<createdTime>2025-10-10 14:36:33 UTC</createdTime>
<generatorID>EF5DC115-2D62-287C-2487-F0D7950AAF66</generatorID>
<ownerDesignName>cristaleria_andina</ownerDesignName>
<useDomainConstraints>false</useDomainConstraints>
<use>1</use>
<logicalDatatype>LOGDT011</logicalDatatype>
<ownDataTypeParameters>,,</ownDataTypeParameters>
<previousColumn>false</previousColumn>
<autoIncrementCycle>false</autoIncrementCycle>
<associations>
<colAssociation fkAssociation="64CCE225-4663-3D0F-94CF-1B88130EC543" referredColumn="37E0E6EC-0F7F-C601-A257-1ABBE9B19358"/>
</associations>
</Column>
</columns>
<indexes itemClass="oracle.dbtools.crest.model.design.relational.Index">
<ind_PK_UK id="DEB52C4C-381C-C2ED-4443-9A12CE129C18" name="ASIGNACION_TURNO_PK">
<createdBy>fifam</createdBy>
<createdTime>2025-10-10 14:36:33 UTC</createdTime>
<generatorID>E9959808-2047-025F-E933-33F83E8CE22A</generatorID>
<ownerDesignName>cristaleria_andina</ownerDesignName>
<pk>true</pk>
<indexState>Primary Constraint</indexState>
<isSurrogateKey>false</isSurrogateKey>
<indexColumnUsage>
<colUsage columnID="D23ADBE5-00FE-DE50-86E6-F6586EBD027C"/>
<colUsage columnID="FF03E67A-A475-1317-E79E-D9E88CDBA4CE"/>
<colUsage columnID="B51E98EA-7839-1ADC-EABD-E54AD59AE6E5"/>
<colUsage columnID="6F1703A2-3AC9-89C7-AA5B-30BE6359DE4E"/>
<colUsage columnID="628F2126-E097-9906-3E89-D684CF6EB078"/>
<colUsage columnID="F7CFDC0A-5941-580B-A942-7513D8E86765"/>
<colUsage columnID="81FCD4C7-CEFE-C1C6-B6D2-B29FB43F4D00"/>
</indexColumnUsage>
</ind_PK_UK>
<ind_PK_UK id="AA4F2023-0362-4F70-2F47-8B813DE7BD5B" name="ASIGNACION_TURNO_EMPLEADO_FK">
<createdBy>fifam</createdBy>
<createdTime>2025-10-10 14:36:33 UTC</createdTime>
<generatorID>BC75AC0A-D051-0EFE-0F94-71E2FF26F37C</generatorID>
<ownerDesignName>cristaleria_andina</ownerDesignName>
<indexState>Foreign Key</indexState>
<isSurrogateKey>false</isSurrogateKey>
<indexColumnUsage>
<colUsage columnID="77A224FF-DDE9-D903-C9A1-B1AD03E7716E"/>
</indexColumnUsage>
</ind_PK_UK>
<ind_PK_UK id="1B80B7CB-2D10-F5D2-E3B5-3ED12ABD7F70" name="ASIGNACION_TURNO_MAQUINA_FK">
<createdBy>fifam</createdBy>
<createdTime>2025-10-10 14:36:33 UTC</createdTime>
<generatorID>5E4B43E8-563E-0806-2BA5-B9BA620C7A19</generatorID>
<ownerDesignName>cristaleria_andina</ownerDesignName>
<indexState>Foreign Key</indexState>
<isSurrogateKey>false</isSurrogateKey>
<indexColumnUsage>
<colUsage columnID="6F1703A2-3AC9-89C7-AA5B-30BE6359DE4E"/>
<colUsage columnID="628F2126-E097-9906-3E89-D684CF6EB078"/>
</indexColumnUsage>
</ind_PK_UK>
<ind_PK_UK id="E2499039-EE6C-207E-0F8E-9091ACB1D8DF" name="ASIGNACION_TURNO_PLANTA_FK">
<createdBy>fifam</createdBy>
<createdTime>2025-10-10 14:36:33 UTC</createdTime>
<generatorID>14D64D40-8CD1-5B2C-EE1E-E425FF32E5B4</generatorID>
<ownerDesignName>cristaleria_andina</ownerDesignName>
<indexState>Foreign Key</indexState>
<isSurrogateKey>false</isSurrogateKey>
<indexColumnUsage>
<colUsage columnID="F7CFDC0A-5941-580B-A942-7513D8E86765"/>
<colUsage columnID="81FCD4C7-CEFE-C1C6-B6D2-B29FB43F4D00"/>
</indexColumnUsage>
</ind_PK_UK>
<ind_PK_UK id="6B8434FF-B72B-B92C-5EAD-91F2BDE2E63D" name="ASIGNACION_TURNO_TURNO_FK">
<createdBy>fifam</createdBy>
<createdTime>2025-10-10 14:36:33 UTC</createdTime>
<generatorID>655B8497-1F73-A92F-D8AE-9506B70DA23E</generatorID>
<ownerDesignName>cristaleria_andina</ownerDesignName>
<indexState>Foreign Key</indexState>
<isSurrogateKey>false</isSurrogateKey>
<indexColumnUsage>
<colUsage columnID="B51E98EA-7839-1ADC-EABD-E54AD59AE6E5"/>
</indexColumnUsage>
</ind_PK_UK>
</indexes>
</Table>