<?xml version = '1.0' encoding = 'UTF-8'?>
<Table class="oracle.dbtools.crest.model.design.relational.Table" directorySegmentName="seg_0" id="4D5A4385-336E-809D-565B-774019BCFBB0" name="JEFE_TURNO">
<createdBy>fifam</createdBy>
<createdTime>2025-10-10 14:36:33 UTC</createdTime>
<generatorID>6BD9EE37-ECCF-82C0-83CD-3983D9EA0F1A</generatorID>
<ownerDesignName>cristaleria_andina</ownerDesignName>
<allowColumnReorder>false</allowColumnReorder>
<existDependencyGenerateInDDl>true</existDependencyGenerateInDDl>
<parsed>true</parsed>
<columns itemClass="oracle.dbtools.crest.model.design.relational.Column">
<Column name="id_empleado" id="0360816E-4A2D-75C8-9111-E977ED4E2BB3">
<createdBy>fifam</createdBy>
<createdTime>2025-10-10 14:36:33 UTC</createdTime>
<generatorID>DFAD441E-E0E1-601E-2021-DD75E94B7965</generatorID>
<ownerDesignName>cristaleria_andina</ownerDesignName>
<useDomainConstraints>false</useDomainConstraints>
<use>1</use>
<logicalDatatype>LOGDT011</logicalDatatype>
<ownDataTypeParameters>,,</ownDataTypeParameters>
<autoIncrementCycle>false</autoIncrementCycle>
<associations>
<colAssociation fkAssociation="45FD2F50-4A87-D1FF-5563-0AFED6B8D556" referredColumn="B71B86D6-0C76-EB70-C935-4E460DB93D3B"/>
</associations>
</Column>
<Column name="area_responsabilidad" id="43D75F50-C960-2DDA-092A-C24989BA32AE">
<createdBy>fifam</createdBy>
<createdTime>2025-10-10 14:36:33 UTC</createdTime>
<generatorID>7BA196EC-276C-F681-479F-B8B3776B6F5E</generatorID>
<ownerDesignName>cristaleria_andina</ownerDesignName>
<useDomainConstraints>false</useDomainConstraints>
<use>1</use>
<logicalDatatype>LOGDT024</logicalDatatype>
<dataTypeSize>100</dataTypeSize>
<ownDataTypeParameters>100,,</ownDataTypeParameters>
<autoIncrementCycle>false</autoIncrementCycle>
</Column>
<Column name="max_operarios" id="32099542-DD40-BF51-3400-D707C49C3ED3">
<createdBy>fifam</createdBy>
<createdTime>2025-10-10 14:36:33 UTC</createdTime>
<generatorID>44299023-CE8A-ADDD-F296-A4B41144CD73</generatorID>
<ownerDesignName>cristaleria_andina</ownerDesignName>
<useDomainConstraints>false</useDomainConstraints>
<use>1</use>
<logicalDatatype>LOGDT011</logicalDatatype>
<ownDataTypeParameters>,,</ownDataTypeParameters>
<autoIncrementCycle>false</autoIncrementCycle>
</Column>
</columns>
<indexes itemClass="oracle.dbtools.crest.model.design.relational.Index">
<ind_PK_UK id="CA86AAC8-A69D-762C-083C-029F28D419C5" name="JEFE_TURNO_PK">
<createdBy>fifam</createdBy>
<createdTime>2025-10-10 14:36:33 UTC</createdTime>
<generatorID>904CCD49-C406-FF4E-F6BB-22175A615E13</generatorID>
<ownerDesignName>cristaleria_andina</ownerDesignName>
<pk>true</pk>
<indexState>Primary Constraint</indexState>
<isSurrogateKey>false</isSurrogateKey>
<indexColumnUsage>
<colUsage columnID="0360816E-4A2D-75C8-9111-E977ED4E2BB3"/>
</indexColumnUsage>
</ind_PK_UK>
<ind_PK_UK id="E21F6449-4445-BB26-D0DE-713FEC0261B0" name="JEFE_TURNO_EMPLEADO_FK">
<createdBy>fifam</createdBy>
<createdTime>2025-10-10 14:36:33 UTC</createdTime>
<generatorID>C90BA125-45B5-4EAF-3B84-9E82B35176FE</generatorID>
<ownerDesignName>cristaleria_andina</ownerDesignName>
<indexState>Foreign Key</indexState>
<isSurrogateKey>false</isSurrogateKey>
<indexColumnUsage>
<colUsage columnID="0360816E-4A2D-75C8-9111-E977ED4E2BB3"/>
</indexColumnUsage>
</ind_PK_UK>
</indexes>
</Table>