<?xml version = '1.0' encoding = 'UTF-8'?>
<Table class="oracle.dbtools.crest.model.design.relational.Table" directorySegmentName="seg_0" id="6BAA33AA-3ABD-F33C-119A-57ECA96DC301" name="TECNICO_MANTENCION">
<createdBy>fifam</createdBy>
<createdTime>2025-10-10 14:36:33 UTC</createdTime>
<generatorID>AEFF788C-3104-E2A2-009A-66DB95209AA6</generatorID>
<ownerDesignName>cristaleria_andina</ownerDesignName>
<allowColumnReorder>false</allowColumnReorder>
<existDependencyGenerateInDDl>true</existDependencyGenerateInDDl>
<parsed>true</parsed>
<columns itemClass="oracle.dbtools.crest.model.design.relational.Column">
<Column name="id_empleado" id="0715C08F-8ACE-2F41-AD39-25C0480E562A">
<createdBy>fifam</createdBy>
<createdTime>2025-10-10 14:36:33 UTC</createdTime>
<generatorID>DFAD441E-E0E1-601E-2021-DD75E94B7965</generatorID>
<ownerDesignName>cristaleria_andina</ownerDesignName>
<useDomainConstraints>false</useDomainConstraints>
<use>1</use>
<logicalDatatype>LOGDT011</logicalDatatype>
<ownDataTypeParameters>,,</ownDataTypeParameters>
<autoIncrementCycle>false</autoIncrementCycle>
<associations>
<colAssociation fkAssociation="D332470D-878E-BCA1-960F-D331D3C44D6C" referredColumn="B71B86D6-0C76-EB70-C935-4E460DB93D3B"/>
</associations>
</Column>
<Column name="especialidad" id="CABD220B-FA36-D978-88A1-397E0DF02E1E">
<createdBy>fifam</createdBy>
<createdTime>2025-10-10 14:36:33 UTC</createdTime>
<generatorID>C7A0564F-24E1-1CDB-24F3-4A1557D88F93</generatorID>
<ownerDesignName>cristaleria_andina</ownerDesignName>
<useDomainConstraints>false</useDomainConstraints>
<use>1</use>
<logicalDatatype>LOGDT024</logicalDatatype>
<dataTypeSize>100</dataTypeSize>
<ownDataTypeParameters>100,,</ownDataTypeParameters>
<autoIncrementCycle>false</autoIncrementCycle>
</Column>
<Column name="nivel_certificacion" id="F2FBA114-9B36-1670-4C36-48D7621ECC08">
<createdBy>fifam</createdBy>
<createdTime>2025-10-10 14:36:33 UTC</createdTime>
<generatorID>1D994209-E597-2F1C-6842-BF3CFD84E683</generatorID>
<ownerDesignName>cristaleria_andina</ownerDesignName>
<useDomainConstraints>false</useDomainConstraints>
<use>1</use>
<logicalDatatype>LOGDT024</logicalDatatype>
<dataTypeSize>50</dataTypeSize>
<ownDataTypeParameters>50,,</ownDataTypeParameters>
<autoIncrementCycle>false</autoIncrementCycle>
</Column>
<Column name="tiempo_respuesta_standard" id="A211AAE7-1333-A82E-7B9A-C4B92D90BB56">
<createdBy>fifam</createdBy>
<createdTime>2025-10-10 14:36:33 UTC</createdTime>
<generatorID>908F1A4A-DA0E-781E-C689-3656E4F8D6F3</generatorID>
<ownerDesignName>cristaleria_andina</ownerDesignName>
<useDomainConstraints>false</useDomainConstraints>
<use>1</use>
<logicalDatatype>LOGDT011</logicalDatatype>
<ownDataTypeParameters>,,</ownDataTypeParameters>
<autoIncrementCycle>false</autoIncrementCycle>
</Column>
</columns>
<indexes itemClass="oracle.dbtools.crest.model.design.relational.Index">
<ind_PK_UK id="746A1C39-8FA4-F41F-3F92-E810147FE785" name="TECNICO_MANTENCION_PK">
<createdBy>fifam</createdBy>
<createdTime>2025-10-10 14:36:33 UTC</createdTime>
<generatorID>904CCD49-C406-FF4E-F6BB-22175A615E13</generatorID>
<ownerDesignName>cristaleria_andina</ownerDesignName>
<pk>true</pk>
<indexState>Primary Constraint</indexState>
<isSurrogateKey>false</isSurrogateKey>
<indexColumnUsage>
<colUsage columnID="0715C08F-8ACE-2F41-AD39-25C0480E562A"/>
</indexColumnUsage>
</ind_PK_UK>
<ind_PK_UK id="49A52033-28FC-7AE0-B4DB-10E83ADE41B9" name="TECNICO_MANTENCION_EMPLEADO_FK">
<createdBy>fifam</createdBy>
<createdTime>2025-10-10 14:36:33 UTC</createdTime>
<generatorID>D9638B93-C487-D756-1D9B-22A8C0041FD9</generatorID>
<ownerDesignName>cristaleria_andina</ownerDesignName>
<indexState>Foreign Key</indexState>
<isSurrogateKey>false</isSurrogateKey>
<indexColumnUsage>
<colUsage columnID="0715C08F-8ACE-2F41-AD39-25C0480E562A"/>
</indexColumnUsage>
</ind_PK_UK>
</indexes>
</Table>