<?xml version = '1.0' encoding = 'UTF-8'?>
<Table class="oracle.dbtools.crest.model.design.relational.Table" directorySegmentName="seg_0" id="8CA1819B-7504-AA6D-5DEC-EA8997C87175" name="REGION">
<createdBy>fifam</createdBy>
<createdTime>2025-10-10 14:36:33 UTC</createdTime>
<generatorID>7858E01B-911A-C8FB-60D8-7AA7063D67CF</generatorID>
<ownerDesignName>cristaleria_andina</ownerDesignName>
<allowColumnReorder>false</allowColumnReorder>
<existDependencyGenerateInDDl>true</existDependencyGenerateInDDl>
<parsed>true</parsed>
<columns itemClass="oracle.dbtools.crest.model.design.relational.Column">
<Column name="id_region" id="A42AAF0B-ABED-60A7-5646-6524B88B9EAC">
<createdBy>fifam</createdBy>
<createdTime>2025-10-10 14:36:33 UTC</createdTime>
<generatorID>FDAFACF6-E99F-9195-18BB-CAA610BA692B</generatorID>
<ownerDesignName>cristaleria_andina</ownerDesignName>
<useDomainConstraints>false</useDomainConstraints>
<use>1</use>
<logicalDatatype>LOGDT011</logicalDatatype>
<ownDataTypeParameters>,,</ownDataTypeParameters>
<autoIncrementCycle>false</autoIncrementCycle>
</Column>
<Column name="nombre_region" id="01DD590E-4D75-6823-009E-8173565CE08F">
<createdBy>fifam</createdBy>
<createdTime>2025-10-10 14:36:33 UTC</createdTime>
<generatorID>60BA3DB2-C254-89EF-DE56-3AA2A418EE96</generatorID>
<ownerDesignName>cristaleria_andina</ownerDesignName>
<useDomainConstraints>false</useDomainConstraints>
<use>1</use>
<logicalDatatype>LOGDT024</logicalDatatype>
<dataTypeSize>100</dataTypeSize>
<ownDataTypeParameters>100,,</ownDataTypeParameters>
<autoIncrementCycle>false</autoIncrementCycle>
</Column>
</columns>
<indexes itemClass="oracle.dbtools.crest.model.design.relational.Index">
<ind_PK_UK id="89768A3C-D6BA-5A81-5C2D-3897DEF6FEF0" name="REGION_PK">
<createdBy>fifam</createdBy>
<createdTime>2025-10-10 14:36:33 UTC</createdTime>
<generatorID>21C9797F-37D7-CC73-2F6D-36028E72BF51</generatorID>
<ownerDesignName>cristaleria_andina</ownerDesignName>
<pk>true</pk>
<indexState>Primary Constraint</indexState>
<isSurrogateKey>false</isSurrogateKey>
<indexColumnUsage>
<colUsage columnID="A42AAF0B-ABED-60A7-5646-6524B88B9EAC"/>
</indexColumnUsage>
</ind_PK_UK>
</indexes>
</Table>