<?xml version = '1.0' encoding = 'UTF-8'?>
<Table class="oracle.dbtools.crest.model.design.relational.Table" directorySegmentName="seg_0" id="B1FADB0C-FD70-7D8F-BD57-E4D0B6201E14" name="ORDEN_MANTENCION">
<createdBy>fifam</createdBy>
<createdTime>2025-10-10 14:36:33 UTC</createdTime>
<generatorID>F735F925-3811-0C26-23FC-FCB2DB255CC4</generatorID>
<ownerDesignName>cristaleria_andina</ownerDesignName>
<allowColumnReorder>false</allowColumnReorder>
<existDependencyGenerateInDDl>true</existDependencyGenerateInDDl>
<parsed>true</parsed>
<columns itemClass="oracle.dbtools.crest.model.design.relational.Column">
<Column name="id_orden" id="77BBB77D-AC3E-F798-D70D-5287B205B58A">
<createdBy>fifam</createdBy>
<createdTime>2025-10-10 14:36:33 UTC</createdTime>
<generatorID>64E8CE96-CA32-0C38-B95A-98F7F8D9C385</generatorID>
<ownerDesignName>cristaleria_andina</ownerDesignName>
<useDomainConstraints>false</useDomainConstraints>
<use>1</use>
<logicalDatatype>LOGDT011</logicalDatatype>
<ownDataTypeParameters>,,</ownDataTypeParameters>
<autoIncrementCycle>false</autoIncrementCycle>
</Column>
<Column name="fecha_programada" id="BCF26EB9-EDCE-DA10-F8F3-BD5D044C6190">
<createdBy>fifam</createdBy>
<createdTime>2025-10-10 14:36:33 UTC</createdTime>
<generatorID>3BBD2E90-FEE7-D899-2FD3-9C2F44C08A59</generatorID>
<ownerDesignName>cristaleria_andina</ownerDesignName>
<useDomainConstraints>false</useDomainConstraints>
<use>1</use>
<logicalDatatype>LOGDT007</logicalDatatype>
<ownDataTypeParameters>,,</ownDataTypeParameters>
<autoIncrementCycle>false</autoIncrementCycle>
</Column>
<Column name="fecha_ejecucion" id="8A13BBCA-5A4E-CCBF-5522-69A3F2FCA9F2">
<createdBy>fifam</createdBy>
<createdTime>2025-10-10 14:36:33 UTC</createdTime>
<generatorID>3C29684B-EB19-2CF8-33BC-974D15CE4387</generatorID>
<ownerDesignName>cristaleria_andina</ownerDesignName>
<useDomainConstraints>false</useDomainConstraints>
<use>1</use>
<logicalDatatype>LOGDT007</logicalDatatype>
<ownDataTypeParameters>,,</ownDataTypeParameters>
<autoIncrementCycle>false</autoIncrementCycle>
</Column>
<Column name="descripcion_trabajo" id="3F679E04-6335-F966-1B68-EF6637259BD7">
<createdBy>fifam</createdBy>
<createdTime>2025-10-10 14:36:33 UTC</createdTime>
<generatorID>166BA3B3-9BCE-8175-DADB-801942CA74B7</generatorID>
<ownerDesignName>cristaleria_andina</ownerDesignName>
<useDomainConstraints>false</useDomainConstraints>
<use>1</use>
<logicalDatatype>LOGDT024</logicalDatatype>
<dataTypeSize>500</dataTypeSize>
<ownDataTypeParameters>500,,</ownDataTypeParameters>
<autoIncrementCycle>false</autoIncrementCycle>
</Column>
<Column name="MAQUINA_numero_maquina" id="10AD90A7-F702-EACA-B3DA-440F74B156EC">
<createdBy>fifam</createdBy>
<createdTime>2025-10-10 14:36:33 UTC</createdTime>
<generatorID>65D780A3-505B-CAAB-B4D1-33C43C29B081</generatorID>
<ownerDesignName>cristaleria_andina</ownerDesignName>
<useDomainConstraints>false</useDomainConstraints>
<use>1</use>
<logicalDatatype>LOGDT011</logicalDatatype>
<ownDataTypeParameters>,,</ownDataTypeParameters>
<previousColumn>false</previousColumn>
<autoIncrementCycle>false</autoIncrementCycle>
<associations>
<colAssociation fkAssociation="46DEAB67-504D-AA38-F4F0-E256554C2DB1" referredColumn="5D060334-EC45-A395-2935-53F508B34A2B"/>
</associations>
</Column>
<Column name="MAQUINA_planta_id" id="8E6C8582-B08F-3D7D-59DF-1BD6256166BB">
<createdBy>fifam</createdBy>
<createdTime>2025-10-10 14:36:33 UTC</createdTime>
<generatorID>81071070-423D-33FF-36A5-D12B8871902C</generatorID>
<ownerDesignName>cristaleria_andina</ownerDesignName>
<useDomainConstraints>false</useDomainConstraints>
<use>1</use>
<logicalDatatype>LOGDT011</logicalDatatype>
<ownDataTypeParameters>,,</ownDataTypeParameters>
<previousColumn>false</previousColumn>
<autoIncrementCycle>false</autoIncrementCycle>
<associations>
<colAssociation fkAssociation="46DEAB67-504D-AA38-F4F0-E256554C2DB1" referredColumn="2A01790C-9A25-F5F0-3D06-DBF201587E3C"/>
</associations>
</Column>
<Column name="TECNICO_MANTENCION_id_empleado" id="A3894801-2F75-8ACC-8D80-A479923C449A">
<createdBy>fifam</createdBy>
<createdTime>2025-10-10 14:36:33 UTC</createdTime>
<generatorID>76736ABC-F51B-734C-0AFB-834DDDDF36B8</generatorID>
<ownerDesignName>cristaleria_andina</ownerDesignName>
<useDomainConstraints>false</useDomainConstraints>
<use>1</use>
<logicalDatatype>LOGDT011</logicalDatatype>
<ownDataTypeParameters>,,</ownDataTypeParameters>
<previousColumn>false</previousColumn>
<autoIncrementCycle>false</autoIncrementCycle>
<associations>
<colAssociation fkAssociation="CCF7A303-B737-C76E-3E76-3FDC0AF4CB40" referredColumn="0715C08F-8ACE-2F41-AD39-25C0480E562A"/>
</associations>
</Column>
<Column name="PLANTA_id_planta" id="F6FF1804-0E5C-E693-BAA4-A3BF75272196">
<createdBy>fifam</createdBy>
<createdTime>2025-10-10 14:36:33 UTC</createdTime>
<generatorID>EA0DB8F5-08BA-5D3B-5638-B412671A5C15</generatorID>
<ownerDesignName>cristaleria_andina</ownerDesignName>
<useDomainConstraints>false</useDomainConstraints>
<use>1</use>
<logicalDatatype>LOGDT011</logicalDatatype>
<ownDataTypeParameters>,,</ownDataTypeParameters>
<previousColumn>false</previousColumn>
<autoIncrementCycle>false</autoIncrementCycle>
<associations>
<colAssociation fkAssociation="7C7805B1-99BF-5AEA-6D91-BF2B16D28EC9" referredColumn="54EE92CA-569B-177D-4ABC-CC9EF14A2825"/>
</associations>
</Column>
<Column name="PLANTA_COMUNA_id_comuna" id="1A6FD0C8-DEEE-5EBE-57CE-DD6B869336F0">
<createdBy>fifam</createdBy>
<createdTime>2025-10-10 14:36:33 UTC</createdTime>
<generatorID>87642963-163D-7A25-037F-6673DD41FF37</generatorID>
<ownerDesignName>cristaleria_andina</ownerDesignName>
<useDomainConstraints>false</useDomainConstraints>
<use>1</use>
<logicalDatatype>LOGDT011</logicalDatatype>
<ownDataTypeParameters>,,</ownDataTypeParameters>
<previousColumn>false</previousColumn>
<autoIncrementCycle>false</autoIncrementCycle>
<associations>
<colAssociation fkAssociation="7C7805B1-99BF-5AEA-6D91-BF2B16D28EC9" referredColumn="37E0E6EC-0F7F-C601-A257-1ABBE9B19358"/>
</associations>
</Column>
</columns>
<indexes itemClass="oracle.dbtools.crest.model.design.relational.Index">
<ind_PK_UK id="3C3D16C4-5D90-51D2-FD7C-C55E2C0E11D0" name="ORDEN_MANTENCION_PK">
<createdBy>fifam</createdBy>
<createdTime>2025-10-10 14:36:33 UTC</createdTime>
<generatorID>9477B7DA-4D06-1822-4D4B-FF220C5E74CE</generatorID>
<ownerDesignName>cristaleria_andina</ownerDesignName>
<pk>true</pk>
<indexState>Primary Constraint</indexState>
<isSurrogateKey>false</isSurrogateKey>
<indexColumnUsage>
<colUsage columnID="77BBB77D-AC3E-F798-D70D-5287B205B58A"/>
<colUsage columnID="F6FF1804-0E5C-E693-BAA4-A3BF75272196"/>
<colUsage columnID="1A6FD0C8-DEEE-5EBE-57CE-DD6B869336F0"/>
</indexColumnUsage>
</ind_PK_UK>
<ind_PK_UK id="CBE6A9AF-AE8A-E1C1-BF60-2BB5E4765C32" name="ORDEN_MANTENCION_MAQUINA_FK">
<createdBy>fifam</createdBy>
<createdTime>2025-10-10 14:36:33 UTC</createdTime>
<generatorID>4FD9A978-A672-5137-D003-56D7B4B59BFD</generatorID>
<ownerDesignName>cristaleria_andina</ownerDesignName>
<indexState>Foreign Key</indexState>
<isSurrogateKey>false</isSurrogateKey>
<indexColumnUsage>
<colUsage columnID="10AD90A7-F702-EACA-B3DA-440F74B156EC"/>
<colUsage columnID="8E6C8582-B08F-3D7D-59DF-1BD6256166BB"/>
</indexColumnUsage>
</ind_PK_UK>
<ind_PK_UK id="950E5E91-A6A9-6100-CE45-1B5234B6900B" name="ORDEN_MANTENCION_PLANTA_FK">
<createdBy>fifam</createdBy>
<createdTime>2025-10-10 14:36:33 UTC</createdTime>
<generatorID>9D0504A9-453C-1ECC-8D7E-13566456C296</generatorID>
<ownerDesignName>cristaleria_andina</ownerDesignName>
<indexState>Foreign Key</indexState>
<isSurrogateKey>false</isSurrogateKey>
<indexColumnUsage>
<colUsage columnID="F6FF1804-0E5C-E693-BAA4-A3BF75272196"/>
<colUsage columnID="1A6FD0C8-DEEE-5EBE-57CE-DD6B869336F0"/>
</indexColumnUsage>
</ind_PK_UK>
<ind_PK_UK id="B44FDFF3-74B1-174E-7617-90E539540094" name="ORDEN_MANTENCION_TECNICO_MANTENCION_FK">
<createdBy>fifam</createdBy>
<createdTime>2025-10-10 14:36:33 UTC</createdTime>
<generatorID>1DE9F944-D423-242F-0D13-878A12D10BFD</generatorID>
<ownerDesignName>cristaleria_andina</ownerDesignName>
<indexState>Foreign Key</indexState>
<isSurrogateKey>false</isSurrogateKey>
<indexColumnUsage>
<colUsage columnID="A3894801-2F75-8ACC-8D80-A479923C449A"/>
</indexColumnUsage>
</ind_PK_UK>
</indexes>
</Table>