<?xml version = '1.0' encoding = 'UTF-8'?>
<Table class="oracle.dbtools.crest.model.design.relational.Table" directorySegmentName="seg_0" id="BF8EAD05-8586-9488-839A-DB9CDA8CBEE5" name="MAQUINA">
<createdBy>fifam</createdBy>
<createdTime>2025-10-10 14:36:33 UTC</createdTime>
<generatorID>AF8C581D-0EDD-CF4B-1E09-4F247A40F7F3</generatorID>
<ownerDesignName>cristaleria_andina</ownerDesignName>
<allowColumnReorder>false</allowColumnReorder>
<existDependencyGenerateInDDl>true</existDependencyGenerateInDDl>
<parsed>true</parsed>
<columns itemClass="oracle.dbtools.crest.model.design.relational.Column">
<Column name="numero_maquina" id="5D060334-EC45-A395-2935-53F508B34A2B">
<createdBy>fifam</createdBy>
<createdTime>2025-10-10 14:36:33 UTC</createdTime>
<generatorID>8D7447AE-6D28-A329-F922-83AFD4E1F85E</generatorID>
<ownerDesignName>cristaleria_andina</ownerDesignName>
<useDomainConstraints>false</useDomainConstraints>
<use>1</use>
<logicalDatatype>LOGDT011</logicalDatatype>
<ownDataTypeParameters>,,</ownDataTypeParameters>
<autoIncrementCycle>false</autoIncrementCycle>
</Column>
<Column name="planta_id" id="2A01790C-9A25-F5F0-3D06-DBF201587E3C">
<createdBy>fifam</createdBy>
<createdTime>2025-10-10 14:36:33 UTC</createdTime>
<generatorID>2DBEEB23-D4D3-D98B-F705-0DDA2F57B48F</generatorID>
<ownerDesignName>cristaleria_andina</ownerDesignName>
<useDomainConstraints>false</useDomainConstraints>
<use>1</use>
<logicalDatatype>LOGDT011</logicalDatatype>
<ownDataTypeParameters>,,</ownDataTypeParameters>
<autoIncrementCycle>false</autoIncrementCycle>
</Column>
<Column name="nombre_maquina" id="CDF18E76-33AA-B6A1-DA3B-7AF7CD45C19D">
<createdBy>fifam</createdBy>
<createdTime>2025-10-10 14:36:33 UTC</createdTime>
<generatorID>1B178EFB-B55B-A978-FB22-3E46B965019D</generatorID>
<ownerDesignName>cristaleria_andina</ownerDesignName>
<useDomainConstraints>false</useDomainConstraints>
<use>1</use>
<logicalDatatype>LOGDT024</logicalDatatype>
<dataTypeSize>100</dataTypeSize>
<ownDataTypeParameters>100,,</ownDataTypeParameters>
<autoIncrementCycle>false</autoIncrementCycle>
</Column>
<Column name="estado_activo" id="B3598831-AC1B-E2B3-F347-01C4AA2A1C45">
<createdBy>fifam</createdBy>
<createdTime>2025-10-10 14:36:33 UTC</createdTime>
<generatorID>DAC93891-C221-0023-6CD8-0FC128D13DFB</generatorID>
<ownerDesignName>cristaleria_andina</ownerDesignName>
<useDomainConstraints>false</useDomainConstraints>
<use>1</use>
<logicalDatatype>LOGDT025</logicalDatatype>
<dataTypeSize>1</dataTypeSize>
<ownDataTypeParameters>1,,</ownDataTypeParameters>
<autoIncrementCycle>false</autoIncrementCycle>
</Column>
<Column name="PLANTA_id_planta" id="30910807-6DC5-407F-3A3B-B7756A583E27">
<createdBy>fifam</createdBy>
<createdTime>2025-10-10 14:36:33 UTC</createdTime>
<generatorID>F0042555-388D-7B89-1F0A-E07BA68673EA</generatorID>
<ownerDesignName>cristaleria_andina</ownerDesignName>
<useDomainConstraints>false</useDomainConstraints>
<use>1</use>
<logicalDatatype>LOGDT011</logicalDatatype>
<ownDataTypeParameters>,,</ownDataTypeParameters>
<previousColumn>false</previousColumn>
<autoIncrementCycle>false</autoIncrementCycle>
<associations>
<colAssociation fkAssociation="656E1505-59BD-DC44-4E0A-8EF854B268A5" referredColumn="54EE92CA-569B-177D-4ABC-CC9EF14A2825"/>
</associations>
</Column>
<Column name="PLANTA_COMUNA_id_comuna" id="ADCD5627-ED28-C5BB-C71A-633D82950166">
<createdBy>fifam</createdBy>
<createdTime>2025-10-10 14:36:33 UTC</createdTime>
<generatorID>9F25C58B-7D80-4C3C-D5A8-18B56FD18F56</generatorID>
<ownerDesignName>cristaleria_andina</ownerDesignName>
<useDomainConstraints>false</useDomainConstraints>
<use>1</use>
<logicalDatatype>LOGDT011</logicalDatatype>
<ownDataTypeParameters>,,</ownDataTypeParameters>
<previousColumn>false</previousColumn>
<autoIncrementCycle>false</autoIncrementCycle>
<associations>
<colAssociation fkAssociation="656E1505-59BD-DC44-4E0A-8EF854B268A5" referredColumn="37E0E6EC-0F7F-C601-A257-1ABBE9B19358"/>
</associations>
</Column>
</columns>
<indexes itemClass="oracle.dbtools.crest.model.design.relational.Index">
<ind_PK_UK id="2BA9AF98-A4DF-3791-3176-34E49FC065AE" name="MAQUINA_PK">
<createdBy>fifam</createdBy>
<createdTime>2025-10-10 14:36:33 UTC</createdTime>
<generatorID>C3E55751-F09C-B65A-BD17-4431ADF1A095</generatorID>
<ownerDesignName>cristaleria_andina</ownerDesignName>
<pk>true</pk>
<indexState>Primary Constraint</indexState>
<isSurrogateKey>false</isSurrogateKey>
<indexColumnUsage>
<colUsage columnID="5D060334-EC45-A395-2935-53F508B34A2B"/>
<colUsage columnID="2A01790C-9A25-F5F0-3D06-DBF201587E3C"/>
</indexColumnUsage>
</ind_PK_UK>
<ind_PK_UK id="5FE13F33-AE22-A169-E86B-94BB5889D81A" name="MAQUINA_PLANTA_FK">
<createdBy>fifam</createdBy>
<createdTime>2025-10-10 14:36:33 UTC</createdTime>
<generatorID>0355866C-9B10-D52E-9CC3-C0EF055E1A51</generatorID>
<ownerDesignName>cristaleria_andina</ownerDesignName>
<indexState>Foreign Key</indexState>
<isSurrogateKey>false</isSurrogateKey>
<indexColumnUsage>
<colUsage columnID="30910807-6DC5-407F-3A3B-B7756A583E27"/>
<colUsage columnID="ADCD5627-ED28-C5BB-C71A-633D82950166"/>
</indexColumnUsage>
</ind_PK_UK>
</indexes>
</Table>