<?xml version = '1.0' encoding = 'UTF-8'?>
<Table class="oracle.dbtools.crest.model.design.relational.Table" directorySegmentName="seg_0" id="C920603C-4919-E8A0-43CA-8A94203DC341" name="EMPLEADO">
<createdBy>fifam</createdBy>
<createdTime>2025-10-10 14:36:33 UTC</createdTime>
<generatorID>123C7308-3C46-9316-C1AE-991963333937</generatorID>
<ownerDesignName>cristaleria_andina</ownerDesignName>
<allowColumnReorder>false</allowColumnReorder>
<existDependencyGenerateInDDl>true</existDependencyGenerateInDDl>
<parsed>true</parsed>
<columns itemClass="oracle.dbtools.crest.model.design.relational.Column">
<Column name="id_empleado" id="B71B86D6-0C76-EB70-C935-4E460DB93D3B">
<createdBy>fifam</createdBy>
<createdTime>2025-10-10 14:36:33 UTC</createdTime>
<generatorID>DFAD441E-E0E1-601E-2021-DD75E94B7965</generatorID>
<ownerDesignName>cristaleria_andina</ownerDesignName>
<useDomainConstraints>false</useDomainConstraints>
<use>1</use>
<logicalDatatype>LOGDT011</logicalDatatype>
<ownDataTypeParameters>,,</ownDataTypeParameters>
<autoIncrementCycle>false</autoIncrementCycle>
</Column>
<Column name="rut" id="468F40EC-0DD7-BF61-D314-719043514815">
<createdBy>fifam</createdBy>
<createdTime>2025-10-10 14:36:33 UTC</createdTime>
<generatorID>9A638AE8-653C-FDD3-9257-86520A9BD5DB</generatorID>
<ownerDesignName>cristaleria_andina</ownerDesignName>
<useDomainConstraints>false</useDomainConstraints>
<use>1</use>
<logicalDatatype>LOGDT024</logicalDatatype>
<dataTypeSize>12</dataTypeSize>
<ownDataTypeParameters>12,,</ownDataTypeParameters>
<autoIncrementCycle>false</autoIncrementCycle>
</Column>
<Column name="nombres" id="F542AEE4-9C92-C67E-9242-719F7B53F6A4">
<createdBy>fifam</createdBy>
<createdTime>2025-10-10 14:36:33 UTC</createdTime>
<generatorID>CC07D86E-1B3B-215A-4089-4E5C3CDB1255</generatorID>
<ownerDesignName>cristaleria_andina</ownerDesignName>
<useDomainConstraints>false</useDomainConstraints>
<use>1</use>
<logicalDatatype>LOGDT024</logicalDatatype>
<dataTypeSize>100</dataTypeSize>
<ownDataTypeParameters>100,,</ownDataTypeParameters>
<autoIncrementCycle>false</autoIncrementCycle>
</Column>
<Column name="apellidos" id="C7CCF571-3936-06BE-8343-41E2B5DEC1BE">
<createdBy>fifam</createdBy>
<createdTime>2025-10-10 14:36:33 UTC</createdTime>
<generatorID>EC97CB03-7A57-C49D-4F0B-E17DC4DF36FA</generatorID>
<ownerDesignName>cristaleria_andina</ownerDesignName>
<useDomainConstraints>false</useDomainConstraints>
<use>1</use>
<logicalDatatype>LOGDT024</logicalDatatype>
<dataTypeSize>100</dataTypeSize>
<ownDataTypeParameters>100,,</ownDataTypeParameters>
<autoIncrementCycle>false</autoIncrementCycle>
</Column>
<Column name="fecha_contratacion" id="FB82FB1E-7E24-AED4-E8B4-20E45A5FDDC3">
<createdBy>fifam</createdBy>
<createdTime>2025-10-10 14:36:33 UTC</createdTime>
<generatorID>222E8B55-6E25-E4B6-7FDD-1C0282236CC2</generatorID>
<ownerDesignName>cristaleria_andina</ownerDesignName>
<useDomainConstraints>false</useDomainConstraints>
<use>1</use>
<logicalDatatype>LOGDT007</logicalDatatype>
<ownDataTypeParameters>,,</ownDataTypeParameters>
<autoIncrementCycle>false</autoIncrementCycle>
</Column>
<Column name="sueldo_base" id="4C65C0FE-0008-60E3-83CC-D8AFED1C5E16">
<createdBy>fifam</createdBy>
<createdTime>2025-10-10 14:36:33 UTC</createdTime>
<generatorID>FAE5889E-AA8C-06E8-DE9A-B36B8CB21786</generatorID>
<ownerDesignName>cristaleria_andina</ownerDesignName>
<useDomainConstraints>false</useDomainConstraints>
<use>1</use>
<logicalDatatype>LOGDT026</logicalDatatype>
<ownDataTypeParameters>,,</ownDataTypeParameters>
<autoIncrementCycle>false</autoIncrementCycle>
</Column>
<Column name="estado_activo" id="D98A4394-9473-5E02-8233-447F60832F77">
<createdBy>fifam</createdBy>
<createdTime>2025-10-10 14:36:33 UTC</createdTime>
<generatorID>923D9A6D-C6E0-C590-B547-3AA6A4CDC57A</generatorID>
<ownerDesignName>cristaleria_andina</ownerDesignName>
<useDomainConstraints>false</useDomainConstraints>
<use>1</use>
<logicalDatatype>LOGDT025</logicalDatatype>
<dataTypeSize>1</dataTypeSize>
<ownDataTypeParameters>1,,</ownDataTypeParameters>
<autoIncrementCycle>false</autoIncrementCycle>
</Column>
<Column name="PLANTA_id_planta" id="B9964D52-6971-6F15-D2C0-82B5FAA9D007">
<createdBy>fifam</createdBy>
<createdTime>2025-10-10 14:36:33 UTC</createdTime>
<generatorID>F74A0930-59F3-50C1-674A-A46C829062B7</generatorID>
<ownerDesignName>cristaleria_andina</ownerDesignName>
<useDomainConstraints>false</useDomainConstraints>
<use>1</use>
<logicalDatatype>LOGDT011</logicalDatatype>
<ownDataTypeParameters>,,</ownDataTypeParameters>
<previousColumn>false</previousColumn>
<autoIncrementCycle>false</autoIncrementCycle>
<associations>
<colAssociation fkAssociation="23E26554-20F8-DE98-E67E-B66F5E13544E" referredColumn="54EE92CA-569B-177D-4ABC-CC9EF14A2825"/>
</associations>
</Column>
<Column name="PLANTA_COMUNA_id_comuna" id="7B24EB5B-FDE9-9910-E132-74580FE0292E">
<createdBy>fifam</createdBy>
<createdTime>2025-10-10 14:36:33 UTC</createdTime>
<generatorID>B87B0721-190E-E13A-160C-DF13C42A1A9D</generatorID>
<ownerDesignName>cristaleria_andina</ownerDesignName>
<useDomainConstraints>false</useDomainConstraints>
<use>1</use>
<logicalDatatype>LOGDT011</logicalDatatype>
<ownDataTypeParameters>,,</ownDataTypeParameters>
<previousColumn>false</previousColumn>
<autoIncrementCycle>false</autoIncrementCycle>
<associations>
<colAssociation fkAssociation="23E26554-20F8-DE98-E67E-B66F5E13544E" referredColumn="37E0E6EC-0F7F-C601-A257-1ABBE9B19358"/>
</associations>
</Column>
<Column name="AFP_id_afp" id="FDFA997D-C750-F6BD-E13C-5C7D4B279AF2">
<createdBy>fifam</createdBy>
<createdTime>2025-10-10 14:36:33 UTC</createdTime>
<generatorID>A7692F56-1C41-C06C-93A1-3F4377564E1D</generatorID>
<ownerDesignName>cristaleria_andina</ownerDesignName>
<useDomainConstraints>false</useDomainConstraints>
<use>1</use>
<logicalDatatype>LOGDT011</logicalDatatype>
<ownDataTypeParameters>,,</ownDataTypeParameters>
<previousColumn>false</previousColumn>
<autoIncrementCycle>false</autoIncrementCycle>
<associations>
<colAssociation fkAssociation="34CF8957-30D9-79A3-50EA-511EABF8975C" referredColumn="81A7556B-A07A-CBBD-C03F-61C5B942DB7D"/>
</associations>
</Column>
<Column name="SISTEMA_DE_SALUD_id_sistema_salud" id="C5844DA6-9ADC-DFB5-164A-FEF90AD53258">
<createdBy>fifam</createdBy>
<createdTime>2025-10-10 14:36:33 UTC</createdTime>
<generatorID>65E069BF-2362-7BE9-6466-417EAC4D53D0</generatorID>
<ownerDesignName>cristaleria_andina</ownerDesignName>
<useDomainConstraints>false</useDomainConstraints>
<use>1</use>
<logicalDatatype>LOGDT011</logicalDatatype>
<ownDataTypeParameters>,,</ownDataTypeParameters>
<previousColumn>false</previousColumn>
<autoIncrementCycle>false</autoIncrementCycle>
<associations>
<colAssociation fkAssociation="DAC43711-08E3-31FC-8B34-B978B609A47F" referredColumn="84E858A6-8E76-C101-E9F6-1F60CAA5E170"/>
</associations>
</Column>
<Column name="EMPLEADO_id_empleado" id="FCC2D612-CCA4-3258-D484-CB90ECE699EF">
<createdBy>fifam</createdBy>
<createdTime>2025-10-10 14:36:33 UTC</createdTime>
<generatorID>321C9E5D-CC0D-627E-7B59-51F6E3328A6A</generatorID>
<ownerDesignName>cristaleria_andina</ownerDesignName>
<useDomainConstraints>false</useDomainConstraints>
<use>1</use>
<logicalDatatype>LOGDT011</logicalDatatype>
<ownDataTypeParameters>,,</ownDataTypeParameters>
<previousColumn>false</previousColumn>
<autoIncrementCycle>false</autoIncrementCycle>
<associations>
<colAssociation fkAssociation="090DE896-D65C-C6AA-AC27-AE902B110D82" referredColumn="B71B86D6-0C76-EB70-C935-4E460DB93D3B"/>
</associations>
</Column>
</columns>
<indexes itemClass="oracle.dbtools.crest.model.design.relational.Index">
<ind_PK_UK id="6EF38D9E-6E0D-301F-1C4C-FB7DA5F76EAF" name="EMPLEADO_PK">
<createdBy>fifam</createdBy>
<createdTime>2025-10-10 14:36:33 UTC</createdTime>
<generatorID>904CCD49-C406-FF4E-F6BB-22175A615E13</generatorID>
<ownerDesignName>cristaleria_andina</ownerDesignName>
<pk>true</pk>
<indexState>Primary Constraint</indexState>
<isSurrogateKey>false</isSurrogateKey>
<indexColumnUsage>
<colUsage columnID="B71B86D6-0C76-EB70-C935-4E460DB93D3B"/>
</indexColumnUsage>
</ind_PK_UK>
<ind_PK_UK id="444665DF-8FC3-F159-D2F3-277800A50842" name="EMPLEADO_AFP_FK">
<createdBy>fifam</createdBy>
<createdTime>2025-10-10 14:36:33 UTC</createdTime>
<generatorID>9C945C38-6E8B-4062-B131-48E35EADCB57</generatorID>
<ownerDesignName>cristaleria_andina</ownerDesignName>
<indexState>Foreign Key</indexState>
<isSurrogateKey>false</isSurrogateKey>
<indexColumnUsage>
<colUsage columnID="FDFA997D-C750-F6BD-E13C-5C7D4B279AF2"/>
</indexColumnUsage>
</ind_PK_UK>
<ind_PK_UK id="FDC33D63-4CA5-F3EB-A1A4-A6EE6502DD94" name="EMPLEADO_EMPLEADO_FK">
<createdBy>fifam</createdBy>
<createdTime>2025-10-10 14:36:33 UTC</createdTime>
<generatorID>5D8FA59E-022A-6680-6025-1D0999C124F2</generatorID>
<ownerDesignName>cristaleria_andina</ownerDesignName>
<indexState>Foreign Key</indexState>
<isSurrogateKey>false</isSurrogateKey>
<indexColumnUsage>
<colUsage columnID="FCC2D612-CCA4-3258-D484-CB90ECE699EF"/>
</indexColumnUsage>
</ind_PK_UK>
<ind_PK_UK id="116CA5F9-CFC2-6489-59D5-F6FDD4A721B1" name="EMPLEADO_PLANTA_FK">
<createdBy>fifam</createdBy>
<createdTime>2025-10-10 14:36:33 UTC</createdTime>
<generatorID>76CC2DB6-1067-6878-DD04-2E0F5CE6E9B6</generatorID>
<ownerDesignName>cristaleria_andina</ownerDesignName>
<indexState>Foreign Key</indexState>
<isSurrogateKey>false</isSurrogateKey>
<indexColumnUsage>
<colUsage columnID="B9964D52-6971-6F15-D2C0-82B5FAA9D007"/>
<colUsage columnID="7B24EB5B-FDE9-9910-E132-74580FE0292E"/>
</indexColumnUsage>
</ind_PK_UK>
<ind_PK_UK id="777E423C-034E-BD30-1E74-B1B6BD222999" name="EMPLEADO_SISTEMA_DE_SALUD_FK">
<createdBy>fifam</createdBy>
<createdTime>2025-10-10 14:36:33 UTC</createdTime>
<generatorID>A1EDBF87-7670-FD16-10F5-1EAF626E340A</generatorID>
<ownerDesignName>cristaleria_andina</ownerDesignName>
<indexState>Foreign Key</indexState>
<isSurrogateKey>false</isSurrogateKey>
<indexColumnUsage>
<colUsage columnID="C5844DA6-9ADC-DFB5-164A-FEF90AD53258"/>
</indexColumnUsage>
</ind_PK_UK>
</indexes>
</Table>