<?xml version = '1.0' encoding = 'UTF-8'?>
<Table class="oracle.dbtools.crest.model.design.relational.Table" directorySegmentName="seg_0" id="EDC6DAF8-B8AB-0FB1-8072-A5621FCF202E" name="TIPO_DE_MAQUINA">
<createdBy>fifam</createdBy>
<createdTime>2025-10-10 14:36:33 UTC</createdTime>
<generatorID>2A17CB9A-4787-190C-C0E5-D2AC45E71E25</generatorID>
<ownerDesignName>cristaleria_andina</ownerDesignName>
<allowColumnReorder>false</allowColumnReorder>
<existDependencyGenerateInDDl>true</existDependencyGenerateInDDl>
<parsed>true</parsed>
<columns itemClass="oracle.dbtools.crest.model.design.relational.Column">
<Column name="id_tipo_maquina" id="FF61D2C8-33E0-E0A6-F232-D40CA0A325D3">
<createdBy>fifam</createdBy>
<createdTime>2025-10-10 14:36:33 UTC</createdTime>
<generatorID>FAE66A57-BA79-8FAF-FFE6-5E80DC603BC1</generatorID>
<ownerDesignName>cristaleria_andina</ownerDesignName>
<useDomainConstraints>false</useDomainConstraints>
<use>1</use>
<logicalDatatype>LOGDT011</logicalDatatype>
<ownDataTypeParameters>,,</ownDataTypeParameters>
<autoIncrementCycle>false</autoIncrementCycle>
</Column>
<Column name="nombre_tipo_maquina" id="63C521DD-8D6D-68D4-C851-5F445784A2F6">
<createdBy>fifam</createdBy>
<createdTime>2025-10-10 14:36:33 UTC</createdTime>
<generatorID>1835D3BA-4DCE-4B46-09D6-A2961C77042F</generatorID>
<ownerDesignName>cristaleria_andina</ownerDesignName>
<useDomainConstraints>false</useDomainConstraints>
<use>1</use>
<logicalDatatype>LOGDT024</logicalDatatype>
<dataTypeSize>100</dataTypeSize>
<ownDataTypeParameters>100,,</ownDataTypeParameters>
<autoIncrementCycle>false</autoIncrementCycle>
</Column>
<Column name="MAQUINA_numero_maquina" id="ACD1B0A5-FD32-442F-AA08-602FFF0FB43C">
<createdBy>fifam</createdBy>
<createdTime>2025-10-10 14:36:33 UTC</createdTime>
<generatorID>2ED583E9-6364-8597-78D2-D67C33080040</generatorID>
<ownerDesignName>cristaleria_andina</ownerDesignName>
<useDomainConstraints>false</useDomainConstraints>
<use>1</use>
<logicalDatatype>LOGDT011</logicalDatatype>
<ownDataTypeParameters>,,</ownDataTypeParameters>
<previousColumn>false</previousColumn>
<autoIncrementCycle>false</autoIncrementCycle>
<associations>
<colAssociation fkAssociation="2485A048-A8BE-5175-57CA-68D95B0BEA3B" referredColumn="5D060334-EC45-A395-2935-53F508B34A2B"/>
</associations>
</Column>
<Column name="MAQUINA_planta_id" id="63C0A895-1FF8-6B17-5141-340FE06E3E6D">
<createdBy>fifam</createdBy>
<createdTime>2025-10-10 14:36:33 UTC</createdTime>
<generatorID>E7281410-4AA1-9FA8-1C15-07CEC2E15231</generatorID>
<ownerDesignName>cristaleria_andina</ownerDesignName>
<useDomainConstraints>false</useDomainConstraints>
<use>1</use>
<logicalDatatype>LOGDT011</logicalDatatype>
<ownDataTypeParameters>,,</ownDataTypeParameters>
<previousColumn>false</previousColumn>
<autoIncrementCycle>false</autoIncrementCycle>
<associations>
<colAssociation fkAssociation="2485A048-A8BE-5175-57CA-68D95B0BEA3B" referredColumn="2A01790C-9A25-F5F0-3D06-DBF201587E3C"/>
</associations>
</Column>
</columns>
<indexes itemClass="oracle.dbtools.crest.model.design.relational.Index">
<ind_PK_UK id="3B0BE6C4-6BA2-2A1A-0908-2818AE48C440" name="TIPO_DE_MAQUINA_PK">
<createdBy>fifam</createdBy>
<createdTime>2025-10-10 14:36:33 UTC</createdTime>
<generatorID>AB16AE47-952F-CA1D-B4B4-5D65EC45EBAF</generatorID>
<ownerDesignName>cristaleria_andina</ownerDesignName>
<pk>true</pk>
<indexState>Primary Constraint</indexState>
<isSurrogateKey>false</isSurrogateKey>
<indexColumnUsage>
<colUsage columnID="FF61D2C8-33E0-E0A6-F232-D40CA0A325D3"/>
</indexColumnUsage>
</ind_PK_UK>
<ind_PK_UK id="2E9586DF-EBE6-00EE-FC22-3369E8516BFC" name="TIPO_DE_MAQUINA_MAQUINA_FK">
<createdBy>fifam</createdBy>
<createdTime>2025-10-10 14:36:33 UTC</createdTime>
<generatorID>4DF11F77-1A8D-5DB7-4EC2-E17C67C090E6</generatorID>
<ownerDesignName>cristaleria_andina</ownerDesignName>
<indexState>Foreign Key</indexState>
<isSurrogateKey>false</isSurrogateKey>
<indexColumnUsage>
<colUsage columnID="ACD1B0A5-FD32-442F-AA08-602FFF0FB43C"/>
<colUsage columnID="63C0A895-1FF8-6B17-5141-340FE06E3E6D"/>
</indexColumnUsage>
</ind_PK_UK>
</indexes>
</Table>