<?xml version = '1.0' encoding = 'UTF-8'?>
<Relation class="oracle.dbtools.crest.model.design.logical.Relation" name="apoderado_contrato" directorySegmentName="seg_0" id="47298C16-7D22-0813-5788-3F2F401B279C">
<createdBy>fifam</createdBy>
<createdTime>2025-08-29 01:18:53 UTC</createdTime>
<ownerDesignName>sumativa_S3</ownerDesignName>
<engineerTo>
<item key="2EDE70E7-D178-31F5-9080-9CD0CDE705C9" value="true"/>
</engineerTo>
<sourcePk>7132DF23-4D2B-DE59-D437-CFCA425EF605</sourcePk>
<identifying>false</identifying>
<optionalSource>false</optionalSource>
<optionalTarget>false</optionalTarget>
<sourceCardinality>1</sourceCardinality>
<sourceEntity>7B7E205A-7654-E61F-5635-5743A5EDF047</sourceEntity>
<targetCardinalityString>*</targetCardinalityString>
<targetEntity>7909F284-F289-77E8-4E60-199A7A9D31F9</targetEntity>
<transferable>true</transferable>
<deleteRule>NO ACTION</deleteRule>
</Relation>