<?xml version = '1.0' encoding = 'UTF-8'?>
<Relation class="oracle.dbtools.crest.model.design.logical.Relation" name="anexo_residente" directorySegmentName="seg_0" id="935608DD-6AB6-F1F7-04F2-05FCEC169581">
<createdBy>fifam</createdBy>
<createdTime>2025-08-29 01:23:42 UTC</createdTime>
<ownerDesignName>sumativa_S3</ownerDesignName>
<engineerTo>
<item key="2EDE70E7-D178-31F5-9080-9CD0CDE705C9" value="true"/>
</engineerTo>
<sourcePk>91256E08-65B7-34D3-7F65-40AC35E4653F</sourcePk>
<targetPk>7132DF23-4D2B-DE59-D437-CFCA425EF605</targetPk>
<identifying>false</identifying>
<optionalSource>false</optionalSource>
<optionalTarget>false</optionalTarget>
<sourceCardinality>1</sourceCardinality>
<sourceEntity>7D58B2E2-C9C0-181A-E674-3348804DE232</sourceEntity>
<targetCardinalityString>1</targetCardinalityString>
<targetEntity>ED92C34B-E4FC-0022-93B6-1CE43F205C9C</targetEntity>
<transferable>true</transferable>
<deleteRule>NO ACTION</deleteRule>
</Relation>