<?xml version = '1.0' encoding = 'UTF-8'?>
<Relation class="oracle.dbtools.crest.model.design.logical.Relation" name="residencia_personal" directorySegmentName="seg_0" id="948A74C7-EFD7-B305-9E31-DD254DB63880">
<createdBy>fifam</createdBy>
<createdTime>2025-08-29 01:37:24 UTC</createdTime>
<ownerDesignName>sumativa_S3</ownerDesignName>
<engineerTo>
<item key="2EDE70E7-D178-31F5-9080-9CD0CDE705C9" value="true"/>
</engineerTo>
<sourcePk>955073BB-6B87-C318-6231-51C9E94056AC</sourcePk>
<identifying>false</identifying>
<optionalSource>false</optionalSource>
<optionalTarget>false</optionalTarget>
<sourceCardinality>1</sourceCardinality>
<sourceEntity>80D9251B-558A-2D4A-8B06-9FA9C65022CD</sourceEntity>
<targetCardinalityString>*</targetCardinalityString>
<targetEntity>F465D2A8-E1ED-4A12-8653-ED9BA9F6101D</targetEntity>
<transferable>true</transferable>
<deleteRule>NO ACTION</deleteRule>
</Relation>