<?xml version = '1.0' encoding = 'UTF-8'?>
<Relation class="oracle.dbtools.crest.model.design.logical.Relation" name="residencia_habitacion" directorySegmentName="seg_0" id="98FC6382-C7BD-B86C-F835-55AA365836E1">
<createdBy>fifam</createdBy>
<createdTime>2025-08-28 23:19:31 UTC</createdTime>
<ownerDesignName>sumativa_S3</ownerDesignName>
<engineerTo>
<item key="2EDE70E7-D178-31F5-9080-9CD0CDE705C9" value="true"/>
</engineerTo>
<sourcePk>955073BB-6B87-C318-6231-51C9E94056AC</sourcePk>
<identifying>false</identifying>
<optionalSource>false</optionalSource>
<optionalTarget>false</optionalTarget>
<sourceCardinality>1</sourceCardinality>
<sourceEntity>80D9251B-558A-2D4A-8B06-9FA9C65022CD</sourceEntity>
<targetCardinalityString>*</targetCardinalityString>
<targetEntity>2C23A6B6-1FBC-A2BB-868D-41E6BDBE1144</targetEntity>
<transferable>true</transferable>
<deleteRule>NO ACTION</deleteRule>
</Relation>