<?xml version = '1.0' encoding = 'UTF-8'?>
<Relation class="oracle.dbtools.crest.model.design.logical.Relation" name="contrato_anexo" directorySegmentName="seg_0" id="B6473C11-B8BF-3C59-95CB-CBC4AA0112CC">
<createdBy>fifam</createdBy>
<createdTime>2025-08-29 01:20:48 UTC</createdTime>
<ownerDesignName>sumativa_S3</ownerDesignName>
<engineerTo>
<item key="2EDE70E7-D178-31F5-9080-9CD0CDE705C9" value="true"/>
</engineerTo>
<sourcePk>DB7E3530-9DDB-5AEC-5D6B-55BF4D23B1E4</sourcePk>
<identifying>false</identifying>
<optionalSource>false</optionalSource>
<optionalTarget>false</optionalTarget>
<sourceCardinality>1</sourceCardinality>
<sourceEntity>7909F284-F289-77E8-4E60-199A7A9D31F9</sourceEntity>
<targetCardinalityString>*</targetCardinalityString>
<targetEntity>7D58B2E2-C9C0-181A-E674-3348804DE232</targetEntity>
<transferable>true</transferable>
<deleteRule>NO ACTION</deleteRule>
</Relation>