<?xml version = '1.0' encoding = 'UTF-8'?>
<Relation class="oracle.dbtools.crest.model.design.logical.Relation" name="residente_habitacion" directorySegmentName="seg_0" id="BBB7DBC3-AFD7-07F7-62E3-8C8A377CDE57">
<createdBy>fifam</createdBy>
<createdTime>2025-08-29 01:10:18 UTC</createdTime>
<ownerDesignName>sumativa_S3</ownerDesignName>
<engineerTo>
<item key="2EDE70E7-D178-31F5-9080-9CD0CDE705C9" value="true"/>
</engineerTo>
<sourcePk>7132DF23-4D2B-DE59-D437-CFCA425EF605</sourcePk>
<targetPk>F8E92924-2D17-7CD8-FA36-747A2D7B1ED4</targetPk>
<identifying>false</identifying>
<optionalSource>false</optionalSource>
<optionalTarget>false</optionalTarget>
<sourceCardinality>1</sourceCardinality>
<sourceEntity>ED92C34B-E4FC-0022-93B6-1CE43F205C9C</sourceEntity>
<targetCardinalityString>1</targetCardinalityString>
<targetEntity>2C23A6B6-1FBC-A2BB-868D-41E6BDBE1144</targetEntity>
<transferable>true</transferable>
<deleteRule>NO ACTION</deleteRule>
</Relation>