<?xml version = '1.0' encoding = 'UTF-8'?>
<Relation class="oracle.dbtools.crest.model.design.logical.Relation" name="medico_medico" directorySegmentName="seg_0" id="C4E1BBF9-D920-F208-10DB-39EEF8750230">
<createdBy>fifam</createdBy>
<createdTime>2025-08-29 01:39:54 UTC</createdTime>
<ownerDesignName>sumativa_S3</ownerDesignName>
<engineerTo>
<item key="2EDE70E7-D178-31F5-9080-9CD0CDE705C9" value="true"/>
</engineerTo>
<targetPk>7132DF23-4D2B-DE59-D437-CFCA425EF605</targetPk>
<identifying>false</identifying>
<optionalSource>true</optionalSource>
<optionalTarget>false</optionalTarget>
<sourceCardinality>1</sourceCardinality>
<sourceEntity>17624080-EDCD-6F11-1F9D-74E278F5692C</sourceEntity>
<targetCardinalityString>*</targetCardinalityString>
<targetEntity>17624080-EDCD-6F11-1F9D-74E278F5692C</targetEntity>
<transferable>true</transferable>
<deleteRule>NO ACTION</deleteRule>
</Relation>