<?xml version = '1.0' encoding = 'UTF-8'?>
<relationalModel class="oracle.dbtools.crest.model.design.relational.RelationalDesign" name="Relational_1" id="B8600317-DE96-CC5B-78D6-64A8DFBFDCBA" mainViewID="4A18BB51-4987-8DE9-B5E4-7A1E040B51CC">
<createdBy>fifam</createdBy>
<createdTime>2025-09-11 14:02:20 UTC</createdTime>
<ownerDesignName>centromedico</ownerDesignName>
<shouldBeOpen>false</shouldBeOpen>
<selectedRDBMSSite>32076570-2523-435C-2E92-BF29817DFF70</selectedRDBMSSite>
</relationalModel>