<?xml version = '1.0' encoding = 'UTF-8'?>
<Diagram class="oracle.dbtools.crest.swingui.logical.DPVLogical" name="Logical" id="70000771-3F6C-DA14-15C5-EAB7BF306AE1">
<createdBy>fifam</createdBy>
<modifiedBy>fifam</modifiedBy>
<createdTime>2025-09-11 14:09:14 UTC</createdTime>
<autoRoute>false</autoRoute>
<boxInbox>true</boxInbox>
<showLegend>false</showLegend>
<showLabels>false</showLabels>
<showRelAttributes>false</showRelAttributes>
<gridEnabled>false</gridEnabled>
<showGrid>false</showGrid>
<diagramColor>-1</diagramColor>
<display>false</display>
<notation>1</notation>
<objectViews>
<OView class="oracle.dbtools.crest.swingui.logical.TVEntity" oid="05FDA322-D986-9B69-8EDD-3D4CB2CB79C5" otype="Entity" vid="08C55142-B7AB-B426-55D1-80203EF5D52B">
<hideElementsInCurrentOnly>false</hideElementsInCurrentOnly>
<bounds x="26" y="44" width="117" height="56"/>
</OView>
<OView class="oracle.dbtools.crest.swingui.logical.TVEntity" oid="0A1FC3B6-E150-4803-A468-CDB6798827CA" otype="Entity" vid="B4C5447E-4247-C31D-1E15-7D3A27ABF2B0">
<hideElementsInCurrentOnly>false</hideElementsInCurrentOnly>
<bounds x="573" y="139" width="169" height="90"/>
</OView>
<OView class="oracle.dbtools.crest.swingui.logical.TVEntity" oid="1062751B-CAA4-0AD9-F13B-45AC7A5169F1" otype="Entity" vid="CDF9659A-B66E-E8AE-06A4-922B2CDCA986">
<hideElementsInCurrentOnly>false</hideElementsInCurrentOnly>
<bounds x="276" y="284" width="177" height="82"/>
</OView>
<OView class="oracle.dbtools.crest.swingui.logical.TVEntity" oid="27DAFD7F-BCA5-0AFC-6506-D26A57DFCB55" otype="Entity" vid="DAA01099-C8E3-53E2-9A0F-60C0CAA67012">
<hideElementsInCurrentOnly>false</hideElementsInCurrentOnly>
<bounds x="595" y="11" width="118" height="67"/>
</OView>
<OView class="oracle.dbtools.crest.swingui.logical.TVEntity" oid="45179FAC-28A3-A9E3-5291-82925B13DAA6" otype="Entity" vid="D5C5AD58-6404-218B-AF39-092CC874A12D">
<hideElementsInCurrentOnly>false</hideElementsInCurrentOnly>
<bounds x="831" y="283" width="156" height="92"/>
</OView>
<OView class="oracle.dbtools.crest.swingui.logical.TVEntity" oid="4B4DE3B4-54BE-2A8D-BCF9-4BA905201915" otype="Entity" vid="A7124444-E90D-C2E9-EC18-F775BA2372D8">
<hideElementsInCurrentOnly>false</hideElementsInCurrentOnly>
<bounds x="32" y="116" width="118" height="86"/>
</OView>
<OView class="oracle.dbtools.crest.swingui.logical.TVEntity" oid="56E65213-F977-2C97-C3EA-25841EC98353" otype="Entity" vid="2E73929C-7324-A62C-2636-AC93A6B04B8A">
<hideElementsInCurrentOnly>false</hideElementsInCurrentOnly>
<bounds x="367" y="174" width="118" height="38"/>
</OView>
<OView class="oracle.dbtools.crest.swingui.logical.TVEntity" oid="663004B3-59DC-000D-7CE6-B0F918D3378B" otype="Entity" vid="86331B5D-CD61-3A63-5CF3-2AAF98855702">
<hideElementsInCurrentOnly>false</hideElementsInCurrentOnly>
<bounds x="360" y="79" width="123" height="34"/>
</OView>
<OView class="oracle.dbtools.crest.swingui.logical.TVEntity" oid="68EEF167-1F9F-5E57-FE69-BE0903F795B8" otype="Entity" vid="F7D6BA7A-2140-5AFF-FD75-ED15B4CFDA94">
<hideElementsInCurrentOnly>false</hideElementsInCurrentOnly>
<bounds x="753" y="11" width="132" height="65"/>
</OView>
<OView class="oracle.dbtools.crest.swingui.logical.TVEntity" oid="6A014C4A-1FAF-6F27-B613-04CE37C79757" otype="Entity" vid="2267A360-4B86-CCD5-6A01-CB4DC9F45804">
<hideElementsInCurrentOnly>false</hideElementsInCurrentOnly>
<bounds x="364" y="122" width="117" height="40"/>
</OView>
<OView class="oracle.dbtools.crest.swingui.logical.TVEntity" oid="7F3BE6F2-1BDD-BCAD-EE3B-750067115CAA" otype="Entity" vid="F1D7D250-2D55-DF44-23DD-1582532BC0A1">
<hideElementsInCurrentOnly>false</hideElementsInCurrentOnly>
<bounds x="293" y="415" width="156" height="81"/>
</OView>
<OView class="oracle.dbtools.crest.swingui.logical.TVEntity" oid="802EBFB0-92F1-ADB6-6317-CA5E6974152B" otype="Entity" vid="C6054379-725B-0DB5-1B23-639FB221B86D">
<hideElementsInCurrentOnly>false</hideElementsInCurrentOnly>
<bounds x="32" y="255" width="105" height="70"/>
</OView>
<OView class="oracle.dbtools.crest.swingui.logical.TVEntity" oid="9AB1601D-E127-9613-240B-F3F2072BAF3A" otype="Entity" vid="11E784B2-1B39-A7B7-4BC2-7835E05FB33F">
<hideElementsInCurrentOnly>false</hideElementsInCurrentOnly>
<bounds x="814" y="145" width="151" height="72"/>
</OView>
<OView class="oracle.dbtools.crest.swingui.logical.TVEntity" oid="AA446617-C093-D0C2-C1AD-A0EB5AAD991B" otype="Entity" vid="A956EE8E-DB40-B027-F3D4-815051E5C215">
<hideElementsInCurrentOnly>false</hideElementsInCurrentOnly>
<bounds x="210" y="53" width="331" height="188"/>
</OView>
<OView class="oracle.dbtools.crest.swingui.logical.TVEntity" oid="E71A36E9-0913-BF07-FD81-FEF12DCCDFB2" otype="Entity" vid="502ED800-2EB8-B079-9D29-61F3D7F1587F">
<hideElementsInCurrentOnly>false</hideElementsInCurrentOnly>
<bounds x="575" y="296" width="147" height="82"/>
</OView>
<OView class="oracle.dbtools.crest.swingui.logical.TVEntity" oid="EA5AEE0B-466D-984E-4693-A2C0FEB5BDF0" otype="Entity" vid="1333F53D-5E34-003D-0EE1-8EFC8F0E4979">
<hideElementsInCurrentOnly>false</hideElementsInCurrentOnly>
<bounds x="30" y="367" width="109" height="69"/>
</OView>
</objectViews>
<connectors>
<Connector class="oracle.dbtools.crest.swingui.logical.TVRelation" oid="079F16E5-3A25-4880-9332-FB6D7B4DCC85" otype="Relation" vid_source="A956EE8E-DB40-B027-F3D4-815051E5C215" vid_target="CDF9659A-B66E-E8AE-06A4-922B2CDCA986">
<hideElementsInCurrentOnly>false</hideElementsInCurrentOnly>
<backgroundColor>-16777216</backgroundColor>
<lineWidth>1</lineWidth>
<points>
<point x="364" y="241"/>
<point x="364" y="284"/>
</points>
</Connector>
<Connector class="oracle.dbtools.crest.swingui.logical.TVRelation" oid="0E02017A-525B-FBA5-534F-F3269CF1DA45" otype="Relation" vid_source="B4C5447E-4247-C31D-1E15-7D3A27ABF2B0" vid_target="CDF9659A-B66E-E8AE-06A4-922B2CDCA986">
<hideElementsInCurrentOnly>false</hideElementsInCurrentOnly>
<backgroundColor>-16777216</backgroundColor>
<lineWidth>1</lineWidth>
<points>
<point x="573" y="224"/>
<point x="449" y="284"/>
</points>
</Connector>
<Connector class="oracle.dbtools.crest.swingui.logical.TVRelation" oid="1D0215BB-F4E3-4484-3BC5-0DF741DF6F5B" otype="Relation" vid_source="08C55142-B7AB-B426-55D1-80203EF5D52B" vid_target="A956EE8E-DB40-B027-F3D4-815051E5C215">
<hideElementsInCurrentOnly>false</hideElementsInCurrentOnly>
<backgroundColor>-16777216</backgroundColor>
<lineWidth>1</lineWidth>
<points>
<point x="143" y="91"/>
<point x="210" y="91"/>
</points>
</Connector>
<Connector class="oracle.dbtools.crest.swingui.logical.TVInheritanceRelation" oid="464AFA56-D765-66C4-44DC-B729393351BC" otype="Hierarchy relation" vid_source="A956EE8E-DB40-B027-F3D4-815051E5C215" vid_target="86331B5D-CD61-3A63-5CF3-2AAF98855702">
<hideElementsInCurrentOnly>false</hideElementsInCurrentOnly>
<backgroundColor>-65536</backgroundColor>
<lineWidth>1</lineWidth>
</Connector>
<Connector class="oracle.dbtools.crest.swingui.logical.TVRelation" oid="517A2F1B-6638-8288-3AC8-CCFEC8D96197" otype="Relation" vid_source="A7124444-E90D-C2E9-EC18-F775BA2372D8" vid_target="A956EE8E-DB40-B027-F3D4-815051E5C215">
<hideElementsInCurrentOnly>false</hideElementsInCurrentOnly>
<backgroundColor>-16777216</backgroundColor>
<lineWidth>1</lineWidth>
<points>
<point x="150" y="159"/>
<point x="210" y="159"/>
</points>
</Connector>
<Connector class="oracle.dbtools.crest.swingui.logical.TVRelation" oid="5958A6F4-9093-8A7B-953B-172D36E89B0D" otype="Relation" vid_source="C6054379-725B-0DB5-1B23-639FB221B86D" vid_target="A7124444-E90D-C2E9-EC18-F775BA2372D8">
<hideElementsInCurrentOnly>false</hideElementsInCurrentOnly>
<backgroundColor>-16777216</backgroundColor>
<lineWidth>1</lineWidth>
<points>
<point x="84" y="255"/>
<point x="84" y="202"/>
</points>
</Connector>
<Connector class="oracle.dbtools.crest.swingui.logical.TVRelation" oid="62EFB0CF-0F40-2E76-34AE-12E6E34BB61C" otype="Relation" vid_source="11E784B2-1B39-A7B7-4BC2-7835E05FB33F" vid_target="B4C5447E-4247-C31D-1E15-7D3A27ABF2B0">
<hideElementsInCurrentOnly>false</hideElementsInCurrentOnly>
<backgroundColor>-16777216</backgroundColor>
<lineWidth>1</lineWidth>
<points>
<point x="814" y="181"/>
<point x="742" y="181"/>
</points>
</Connector>
<Connector class="oracle.dbtools.crest.swingui.logical.TVRelation" oid="813BCF97-D9F0-3FDE-9ABE-6F19CE38B20A" otype="Relation" vid_source="B4C5447E-4247-C31D-1E15-7D3A27ABF2B0" vid_target="B4C5447E-4247-C31D-1E15-7D3A27ABF2B0">
<hideElementsInCurrentOnly>false</hideElementsInCurrentOnly>
<backgroundColor>-16777216</backgroundColor>
<lineWidth>1</lineWidth>
<points>
<point x="742" y="194"/>
<point x="766" y="194"/>
<point x="765" y="255"/>
<point x="673" y="255"/>
<point x="673" y="229"/>
</points>
</Connector>
<Connector class="oracle.dbtools.crest.swingui.logical.TVInheritanceRelation" oid="815CD059-794E-51BF-690E-FB4B44F42E86" otype="Hierarchy relation" vid_source="A956EE8E-DB40-B027-F3D4-815051E5C215" vid_target="2E73929C-7324-A62C-2636-AC93A6B04B8A">
<hideElementsInCurrentOnly>false</hideElementsInCurrentOnly>
<backgroundColor>-65536</backgroundColor>
<lineWidth>1</lineWidth>
</Connector>
<Connector class="oracle.dbtools.crest.swingui.logical.TVInheritanceRelation" oid="8C466F24-A89C-4082-F7A0-B8333EE12D04" otype="Hierarchy relation" vid_source="A956EE8E-DB40-B027-F3D4-815051E5C215" vid_target="2267A360-4B86-CCD5-6A01-CB4DC9F45804">
<hideElementsInCurrentOnly>false</hideElementsInCurrentOnly>
<backgroundColor>-65536</backgroundColor>
<lineWidth>1</lineWidth>
</Connector>
<Connector class="oracle.dbtools.crest.swingui.logical.TVRelation" oid="A5FBC82D-148A-9381-A4D4-AD616EFEF7F7" otype="Relation" vid_source="F7D6BA7A-2140-5AFF-FD75-ED15B4CFDA94" vid_target="B4C5447E-4247-C31D-1E15-7D3A27ABF2B0">
<hideElementsInCurrentOnly>false</hideElementsInCurrentOnly>
<backgroundColor>-16777216</backgroundColor>
<lineWidth>1</lineWidth>
<points>
<point x="781" y="76"/>
<point x="694" y="139"/>
</points>
</Connector>
<Connector class="oracle.dbtools.crest.swingui.logical.TVRelation" oid="A6FF7A63-41A1-AD8C-B423-AF7D6E23A85C" otype="Relation" vid_source="CDF9659A-B66E-E8AE-06A4-922B2CDCA986" vid_target="502ED800-2EB8-B079-9D29-61F3D7F1587F">
<hideElementsInCurrentOnly>false</hideElementsInCurrentOnly>
<backgroundColor>-16777216</backgroundColor>
<lineWidth>1</lineWidth>
<points>
<point x="453" y="331"/>
<point x="575" y="331"/>
</points>
</Connector>
<Connector class="oracle.dbtools.crest.swingui.logical.TVRelation" oid="ACC6F161-836A-B688-6EEC-7CD6C92FD2C6" otype="Relation" vid_source="B4C5447E-4247-C31D-1E15-7D3A27ABF2B0" vid_target="502ED800-2EB8-B079-9D29-61F3D7F1587F">
<hideElementsInCurrentOnly>false</hideElementsInCurrentOnly>
<backgroundColor>-16777216</backgroundColor>
<lineWidth>1</lineWidth>
<points>
<point x="648" y="229"/>
<point x="648" y="296"/>
</points>
</Connector>
<Connector class="oracle.dbtools.crest.swingui.logical.TVRelation" oid="ADFF30EC-A9FE-254A-D8B2-1C2296294128" otype="Relation" vid_source="502ED800-2EB8-B079-9D29-61F3D7F1587F" vid_target="D5C5AD58-6404-218B-AF39-092CC874A12D">
<hideElementsInCurrentOnly>false</hideElementsInCurrentOnly>
<backgroundColor>-16777216</backgroundColor>
<lineWidth>1</lineWidth>
<points>
<point x="722" y="335"/>
<point x="831" y="335"/>
</points>
</Connector>
<Connector class="oracle.dbtools.crest.swingui.logical.TVRelation" oid="BEBD2FCA-16F7-690A-D1C9-78EF4ABAAA3A" otype="Relation" vid_source="DAA01099-C8E3-53E2-9A0F-60C0CAA67012" vid_target="B4C5447E-4247-C31D-1E15-7D3A27ABF2B0">
<hideElementsInCurrentOnly>false</hideElementsInCurrentOnly>
<backgroundColor>-16777216</backgroundColor>
<lineWidth>1</lineWidth>
<points>
<point x="669" y="78"/>
<point x="669" y="139"/>
</points>
</Connector>
<Connector class="oracle.dbtools.crest.swingui.logical.TVRelation" oid="D6647B3F-43DE-EFC2-9C3A-33BA8777B5E0" otype="Relation" vid_source="CDF9659A-B66E-E8AE-06A4-922B2CDCA986" vid_target="F1D7D250-2D55-DF44-23DD-1582532BC0A1">
<hideElementsInCurrentOnly>false</hideElementsInCurrentOnly>
<backgroundColor>-16777216</backgroundColor>
<lineWidth>1</lineWidth>
<points>
<point x="386" y="366"/>
<point x="386" y="415"/>
</points>
</Connector>
<Connector class="oracle.dbtools.crest.swingui.logical.TVRelation" oid="F680AAFA-5663-12B4-0770-7D6D0AA43571" otype="Relation" vid_source="1333F53D-5E34-003D-0EE1-8EFC8F0E4979" vid_target="C6054379-725B-0DB5-1B23-639FB221B86D">
<hideElementsInCurrentOnly>false</hideElementsInCurrentOnly>
<backgroundColor>-16777216</backgroundColor>
<lineWidth>1</lineWidth>
<points>
<point x="84" y="367"/>
<point x="84" y="325"/>
</points>
</Connector>
</connectors>
</Diagram>