<?xml version = '1.0' encoding = 'UTF-8'?>
<Entity class="oracle.dbtools.crest.model.design.logical.Entity" directorySegmentName="seg_0" id="17624080-EDCD-6F11-1F9D-74E278F5692C" name="MEDICO">
<createdBy>fifam</createdBy>
<createdTime>2025-08-28 21:30:37 UTC</createdTime>
<ownerDesignName>sumativa_S3</ownerDesignName>
<engineerTo>
<item key="2EDE70E7-D178-31F5-9080-9CD0CDE705C9" value="true"/>
</engineerTo>
<adequatelyNormalized>NO</adequatelyNormalized>
<expectedVolumes>0</expectedVolumes>
<fwdEngineeringStrategyName>Single Table</fwdEngineeringStrategyName>
<growthPercent>0</growthPercent>
<growthType>Year</growthType>
<hierarchicalParent>F465D2A8-E1ED-4A12-8653-ED9BA9F6101D</hierarchicalParent>
<maxVolumes>9999999</maxVolumes>
<minVolumes>0</minVolumes>
<normalForm>Third</normalForm>
<attributes itemClass="oracle.dbtools.crest.model.design.logical.Attribute">
<Attribute name="especialidad_medico" id="2C5DA90C-53F8-E313-BF0F-80A74A1E79B4">
<createdBy>fifam</createdBy>
<createdTime>2025-08-28 21:35:10 UTC</createdTime>
<ownerDesignName>sumativa_S3</ownerDesignName>
<engineerTo>
<item key="2EDE70E7-D178-31F5-9080-9CD0CDE705C9" value="true"/>
</engineerTo>
<useDomainConstraints>false</useDomainConstraints>
<use>1</use>
<logicalDatatype>LOGDT024</logicalDatatype>
<dataTypeSize>100</dataTypeSize>
<ownDataTypeParameters>100,,</ownDataTypeParameters>
</Attribute>
<Attribute name="medico_supervisor_id" id="A48EF444-7818-65F2-FE7C-4CAC0DFE540F">
<createdBy>fifam</createdBy>
<createdTime>2025-08-28 21:42:44 UTC</createdTime>
<ownerDesignName>sumativa_S3</ownerDesignName>
<engineerTo>
<item key="2EDE70E7-D178-31F5-9080-9CD0CDE705C9" value="true"/>
</engineerTo>
<useDomainConstraints>false</useDomainConstraints>
<use>1</use>
<ownDataTypeParameters>,,</ownDataTypeParameters>
</Attribute>
<Attribute name="id_persona" id="C3546F21-04C7-C865-FF5F-45CDDEE3591B">
<createdBy>fifam</createdBy>
<createdTime>2025-08-29 01:39:54 UTC</createdTime>
<generatorID>C4E1BBF9-D920-F208-10DB-39EEF8750230</generatorID>
<ownerDesignName>sumativa_S3</ownerDesignName>
<engineerTo>
<item key="2EDE70E7-D178-31F5-9080-9CD0CDE705C9" value="true"/>
</engineerTo>
<nullsAllowed>true</nullsAllowed>
<referedAttribute>E091B763-17C7-E5C5-9E60-D8FA76E9C378</referedAttribute>
<useDomainConstraints>false</useDomainConstraints>
<use>1</use>
<logicalDatatype>LOGDT024</logicalDatatype>
<ownDataTypeParameters>,,</ownDataTypeParameters>
</Attribute>
</attributes>
</Entity>