<?xml version = '1.0' encoding = 'UTF-8'?>
<Entity class="oracle.dbtools.crest.model.design.logical.Entity" directorySegmentName="seg_0" id="2C23A6B6-1FBC-A2BB-868D-41E6BDBE1144" name="HABITACION">
<createdBy>fifam</createdBy>
<createdTime>2025-08-28 22:18:23 UTC</createdTime>
<ownerDesignName>sumativa_S3</ownerDesignName>
<engineerTo>
<item key="2EDE70E7-D178-31F5-9080-9CD0CDE705C9" value="true"/>
</engineerTo>
<adequatelyNormalized>NO</adequatelyNormalized>
<expectedVolumes>0</expectedVolumes>
<fwdEngineeringStrategyName>Single Table</fwdEngineeringStrategyName>
<growthPercent>0</growthPercent>
<growthType>Year</growthType>
<maxVolumes>9999999</maxVolumes>
<minVolumes>0</minVolumes>
<normalForm>Third</normalForm>
<attributes itemClass="oracle.dbtools.crest.model.design.logical.Attribute">
<Attribute name="id_habitacion" id="1D387BE8-AD16-F174-DE69-1E8C98E0FA97">
<createdBy>fifam</createdBy>
<createdTime>2025-08-28 22:18:53 UTC</createdTime>
<ownerDesignName>sumativa_S3</ownerDesignName>
<engineerTo>
<item key="2EDE70E7-D178-31F5-9080-9CD0CDE705C9" value="true"/>
</engineerTo>
<useDomainConstraints>false</useDomainConstraints>
<use>1</use>
<logicalDatatype>LOGDT024</logicalDatatype>
<dataTypeSize>50</dataTypeSize>
<ownDataTypeParameters>50,,</ownDataTypeParameters>
</Attribute>
<Attribute name="tipo_individual_compartida" id="52FB3FF7-5264-8C1C-C133-8FE6C7F3B478">
<createdBy>fifam</createdBy>
<createdTime>2025-08-28 22:21:48 UTC</createdTime>
<ownerDesignName>sumativa_S3</ownerDesignName>
<engineerTo>
<item key="2EDE70E7-D178-31F5-9080-9CD0CDE705C9" value="true"/>
</engineerTo>
<useDomainConstraints>false</useDomainConstraints>
<use>1</use>
<logicalDatatype>LOGDT024</logicalDatatype>
<dataTypeSize>20</dataTypeSize>
<ownDataTypeParameters>20,,</ownDataTypeParameters>
</Attribute>
<Attribute name="id_residencia" id="73C83C94-E757-CD6E-CD7A-3B04385D9572">
<createdBy>fifam</createdBy>
<createdTime>2025-08-28 23:19:31 UTC</createdTime>
<generatorID>98FC6382-C7BD-B86C-F835-55AA365836E1</generatorID>
<ownerDesignName>sumativa_S3</ownerDesignName>
<engineerTo>
<item key="2EDE70E7-D178-31F5-9080-9CD0CDE705C9" value="true"/>
</engineerTo>
<referedAttribute>3C88B53D-F878-3B46-142B-A23A7927ED34</referedAttribute>
<useDomainConstraints>false</useDomainConstraints>
<use>1</use>
<logicalDatatype>LOGDT024</logicalDatatype>
<dataTypeSize>100</dataTypeSize>
<ownDataTypeParameters>,,</ownDataTypeParameters>
</Attribute>
<Attribute name="id_persona" id="755A28FF-AC91-FB0F-3855-520CA61B6539">
<createdBy>fifam</createdBy>
<createdTime>2025-08-29 01:10:18 UTC</createdTime>
<generatorID>BBB7DBC3-AFD7-07F7-62E3-8C8A377CDE57</generatorID>
<ownerDesignName>sumativa_S3</ownerDesignName>
<engineerTo>
<item key="2EDE70E7-D178-31F5-9080-9CD0CDE705C9" value="true"/>
</engineerTo>
<referedAttribute>E091B763-17C7-E5C5-9E60-D8FA76E9C378</referedAttribute>
<useDomainConstraints>false</useDomainConstraints>
<use>1</use>
<logicalDatatype>LOGDT024</logicalDatatype>
<ownDataTypeParameters>,,</ownDataTypeParameters>
</Attribute>
</attributes>
<identifiers itemClass="oracle.dbtools.crest.model.design.logical.CandidateKey">
<identifier id="F8E92924-2D17-7CD8-FA36-747A2D7B1ED4" name="HABITACION PK">
<createdBy>fifam</createdBy>
<createdTime>2025-08-28 22:19:04 UTC</createdTime>
<ownerDesignName>sumativa_S3</ownerDesignName>
<engineerTo>
<item key="2EDE70E7-D178-31F5-9080-9CD0CDE705C9" value="true"/>
</engineerTo>
<pk>true</pk>
<usedAttributes>
<attributeRef>1D387BE8-AD16-F174-DE69-1E8C98E0FA97</attributeRef>
</usedAttributes>
</identifier>
</identifiers>
</Entity>