<?xml version = '1.0' encoding = 'UTF-8'?>
<Entity class="oracle.dbtools.crest.model.design.logical.Entity" directorySegmentName="seg_0" id="48D928C9-B628-48C2-7E2E-FB23DD4A5678" name="RESIDENTE_TEMPORAL">
<createdBy>fifam</createdBy>
<createdTime>2025-08-28 19:55:14 UTC</createdTime>
<ownerDesignName>sumativa_S3</ownerDesignName>
<engineerTo>
<item key="2EDE70E7-D178-31F5-9080-9CD0CDE705C9" value="true"/>
</engineerTo>
<adequatelyNormalized>NO</adequatelyNormalized>
<expectedVolumes>0</expectedVolumes>
<fwdEngineeringStrategyName>Single Table</fwdEngineeringStrategyName>
<growthPercent>0</growthPercent>
<growthType>Year</growthType>
<hierarchicalParent>ED92C34B-E4FC-0022-93B6-1CE43F205C9C</hierarchicalParent>
<maxVolumes>9999999</maxVolumes>
<minVolumes>0</minVolumes>
<normalForm>Third</normalForm>
<attributes itemClass="oracle.dbtools.crest.model.design.logical.Attribute">
<Attribute name="dias_estadia" id="AF087A14-9AB2-42CA-8FB6-46382149E08C">
<createdBy>fifam</createdBy>
<createdTime>2025-08-28 19:58:09 UTC</createdTime>
<ownerDesignName>sumativa_S3</ownerDesignName>
<engineerTo>
<item key="2EDE70E7-D178-31F5-9080-9CD0CDE705C9" value="true"/>
</engineerTo>
<useDomainConstraints>false</useDomainConstraints>
<use>1</use>
<logicalDatatype>LOGDT011</logicalDatatype>
<ownDataTypeParameters>,,</ownDataTypeParameters>
</Attribute>
</attributes>
</Entity>