<?xml version = '1.0' encoding = 'UTF-8'?>
<Entity class="oracle.dbtools.crest.model.design.logical.Entity" directorySegmentName="seg_0" id="7909F284-F289-77E8-4E60-199A7A9D31F9" name="CONTRATO">
<createdBy>fifam</createdBy>
<createdTime>2025-08-28 22:28:17 UTC</createdTime>
<ownerDesignName>sumativa_S3</ownerDesignName>
<engineerTo>
<item key="2EDE70E7-D178-31F5-9080-9CD0CDE705C9" value="true"/>
</engineerTo>
<adequatelyNormalized>NO</adequatelyNormalized>
<expectedVolumes>0</expectedVolumes>
<fwdEngineeringStrategyName>Single Table</fwdEngineeringStrategyName>
<growthPercent>0</growthPercent>
<growthType>Year</growthType>
<maxVolumes>9999999</maxVolumes>
<minVolumes>0</minVolumes>
<normalForm>Third</normalForm>
<attributes itemClass="oracle.dbtools.crest.model.design.logical.Attribute">
<Attribute name="id_contrato" id="2BD672AD-427A-7550-6D09-82922D59093E">
<createdBy>fifam</createdBy>
<createdTime>2025-08-28 22:31:47 UTC</createdTime>
<ownerDesignName>sumativa_S3</ownerDesignName>
<engineerTo>
<item key="2EDE70E7-D178-31F5-9080-9CD0CDE705C9" value="true"/>
</engineerTo>
<useDomainConstraints>false</useDomainConstraints>
<use>1</use>
<logicalDatatype>LOGDT024</logicalDatatype>
<dataTypeSize>50</dataTypeSize>
<ownDataTypeParameters>50,,</ownDataTypeParameters>
</Attribute>
<Attribute name="fecha_inicio_contrato" id="7A4956BF-A468-5683-D3EA-ADACE3F87316">
<createdBy>fifam</createdBy>
<createdTime>2025-08-28 22:32:26 UTC</createdTime>
<ownerDesignName>sumativa_S3</ownerDesignName>
<engineerTo>
<item key="2EDE70E7-D178-31F5-9080-9CD0CDE705C9" value="true"/>
</engineerTo>
<useDomainConstraints>false</useDomainConstraints>
<use>1</use>
<logicalDatatype>LOGDT007</logicalDatatype>
<ownDataTypeParameters>,,</ownDataTypeParameters>
</Attribute>
<Attribute name="id_persona" id="575C22D6-C33A-7574-5FCD-FC91118AE8E2">
<createdBy>fifam</createdBy>
<createdTime>2025-08-29 01:18:53 UTC</createdTime>
<generatorID>47298C16-7D22-0813-5788-3F2F401B279C</generatorID>
<ownerDesignName>sumativa_S3</ownerDesignName>
<engineerTo>
<item key="2EDE70E7-D178-31F5-9080-9CD0CDE705C9" value="true"/>
</engineerTo>
<referedAttribute>E091B763-17C7-E5C5-9E60-D8FA76E9C378</referedAttribute>
<useDomainConstraints>false</useDomainConstraints>
<use>1</use>
<logicalDatatype>LOGDT024</logicalDatatype>
<ownDataTypeParameters>,,</ownDataTypeParameters>
</Attribute>
</attributes>
<identifiers itemClass="oracle.dbtools.crest.model.design.logical.CandidateKey">
<identifier id="DB7E3530-9DDB-5AEC-5D6B-55BF4D23B1E4" name="CONTRATO PK">
<createdBy>fifam</createdBy>
<createdTime>2025-08-28 22:32:19 UTC</createdTime>
<ownerDesignName>sumativa_S3</ownerDesignName>
<engineerTo>
<item key="2EDE70E7-D178-31F5-9080-9CD0CDE705C9" value="true"/>
</engineerTo>
<pk>true</pk>
<usedAttributes>
<attributeRef>2BD672AD-427A-7550-6D09-82922D59093E</attributeRef>
</usedAttributes>
</identifier>
</identifiers>
</Entity>