<?xml version = '1.0' encoding = 'UTF-8'?>
<FKArc class="oracle.dbtools.crest.model.design.relational.FKArc" directorySegmentName="seg_0" id="F2CDBF08-D99F-3A54-D0F2-48847CD4C55B" name="FKArc_1">
<createdBy>fifam</createdBy>
<createdTime>2025-09-12 01:45:39 UTC</createdTime>
<ownerDesignName>centromedico</ownerDesignName>
<mandatory>false</mandatory>
<reverseArc>true</reverseArc>
<table>C6B05ADA-33C7-4530-4781-B1855F4EE095</table>
<fkeys>
<fkeyID>2E2A9D2A-30E6-C46E-A84C-EF89A1267187</fkeyID>
<fkeyID>CB22D71C-2119-5BA5-1AEB-DD1C9BA35016</fkeyID>
<fkeyID>5FFF1D33-6C99-D75D-CA15-0B7FA90CADBE</fkeyID>
</fkeys>
</FKArc>