<?xml version = '1.0' encoding = 'UTF-8'?>
<Diagram class="oracle.dbtools.crest.swingui.logical.DPVLogical" name="Logical" id="E851497F-4BE4-3E4E-46D7-71A46DAA97AA">
<createdBy>fifam</createdBy>
<modifiedBy>fifam</modifiedBy>
<createdTime>2025-10-10 02:44:04 UTC</createdTime>
<autoRoute>false</autoRoute>
<boxInbox>true</boxInbox>
<showLegend>false</showLegend>
<showLabels>false</showLabels>
<showRelAttributes>false</showRelAttributes>
<gridEnabled>false</gridEnabled>
<showGrid>false</showGrid>
<diagramColor>-1</diagramColor>
<display>false</display>
<notation>1</notation>
<objectViews>
<OView class="oracle.dbtools.crest.swingui.logical.TVEntity" oid="123C7308-3C46-9316-C1AE-991963333937" otype="Entity" vid="D34D3E4E-0D15-4255-AB47-FE9D08E06534">
<hideElementsInCurrentOnly>false</hideElementsInCurrentOnly>
<bounds x="556" y="277" width="463" height="297"/>
</OView>
<OView class="oracle.dbtools.crest.swingui.logical.TVEntity" oid="22F9387D-A5C9-0F9F-6CF1-8B41858FE6CE" otype="Entity" vid="4BBF7D34-2934-31A4-10B8-1F4458BB34EC">
<hideElementsInCurrentOnly>false</hideElementsInCurrentOnly>
<bounds x="464" y="6" width="218" height="87"/>
</OView>
<OView class="oracle.dbtools.crest.swingui.logical.TVEntity" oid="26158A17-6D70-9E9B-62BC-C5B292E0FEB5" otype="Entity" vid="9496836A-1136-FD2E-FDCD-39812766CC41">
<hideElementsInCurrentOnly>false</hideElementsInCurrentOnly>
<bounds x="787" y="394" width="222" height="81"/>
</OView>
<OView class="oracle.dbtools.crest.swingui.logical.TVEntity" oid="2A17CB9A-4787-190C-C0E5-D2AC45E71E25" otype="Entity" vid="3D2F915B-5C74-AFD4-5EC0-985E3CEB39A0">
<hideElementsInCurrentOnly>false</hideElementsInCurrentOnly>
<bounds x="7" y="40" width="173" height="103"/>
</OView>
<OView class="oracle.dbtools.crest.swingui.logical.TVEntity" oid="6BD9EE37-ECCF-82C0-83CD-3983D9EA0F1A" otype="Entity" vid="640B1172-F404-A187-7E39-2E3E8AFC269E">
<hideElementsInCurrentOnly>false</hideElementsInCurrentOnly>
<bounds x="760" y="480" width="249" height="64"/>
</OView>
<OView class="oracle.dbtools.crest.swingui.logical.TVEntity" oid="7858E01B-911A-C8FB-60D8-7AA7063D67CF" otype="Entity" vid="EE926EB9-9EA0-7B1D-5C45-BF9C4A3DD8EB">
<hideElementsInCurrentOnly>false</hideElementsInCurrentOnly>
<bounds x="771" y="3" width="220" height="81"/>
</OView>
<OView class="oracle.dbtools.crest.swingui.logical.TVEntity" oid="8D1F5A10-63DF-982D-F2FE-B0DBFF802FD3" otype="Entity" vid="1C476B48-2992-2A9A-02B7-CDAD345AD186">
<hideElementsInCurrentOnly>false</hideElementsInCurrentOnly>
<bounds x="14" y="391" width="189" height="120"/>
</OView>
<OView class="oracle.dbtools.crest.swingui.logical.TVEntity" oid="AEFF788C-3104-E2A2-009A-66DB95209AA6" otype="Entity" vid="7561DB73-9651-23EB-214A-CE66D4E82983">
<hideElementsInCurrentOnly>false</hideElementsInCurrentOnly>
<bounds x="790" y="299" width="219" height="85"/>
</OView>
<OView class="oracle.dbtools.crest.swingui.logical.TVEntity" oid="AF8C581D-0EDD-CF4B-1E09-4F247A40F7F3" otype="Entity" vid="4478BB86-3512-A021-9773-742DAEFD04FA">
<hideElementsInCurrentOnly>false</hideElementsInCurrentOnly>
<bounds x="4" y="230" width="216" height="95"/>
</OView>
<OView class="oracle.dbtools.crest.swingui.logical.TVEntity" oid="B34CCC99-5F6B-852E-4135-931A600A027B" otype="Entity" vid="D1133669-18FB-E30D-B902-C5A18C02BEEA">
<hideElementsInCurrentOnly>false</hideElementsInCurrentOnly>
<bounds x="229" y="415" width="213" height="180"/>
</OView>
<OView class="oracle.dbtools.crest.swingui.logical.TVEntity" oid="C41F7820-FE74-129B-3950-AF4BCA73513B" otype="Entity" vid="386B33F3-B68E-FAA5-61F6-B9DC302A76AE">
<hideElementsInCurrentOnly>false</hideElementsInCurrentOnly>
<bounds x="550" y="114" width="234" height="96"/>
</OView>
<OView class="oracle.dbtools.crest.swingui.logical.TVEntity" oid="D90D7F6D-0FAC-2431-114E-A244D3F467EE" otype="Entity" vid="6E267616-70AA-E5F0-2ED0-B6EB555F9277">
<hideElementsInCurrentOnly>false</hideElementsInCurrentOnly>
<bounds x="202" y="19" width="213" height="132"/>
</OView>
<OView class="oracle.dbtools.crest.swingui.logical.TVEntity" oid="EBDFC2A5-3DAB-D986-5EC4-949FD16345DC" otype="Entity" vid="AC48BB73-0D10-645C-2909-BBE4068923F1">
<hideElementsInCurrentOnly>false</hideElementsInCurrentOnly>
<bounds x="830" y="109" width="246" height="103"/>
</OView>
<OView class="oracle.dbtools.crest.swingui.logical.TVEntity" oid="F735F925-3811-0C26-23FC-FCB2DB255CC4" otype="Entity" vid="43FE7166-A988-70F5-DDC5-0A8C311F0198">
<hideElementsInCurrentOnly>false</hideElementsInCurrentOnly>
<bounds x="289" y="270" width="229" height="90"/>
</OView>
</objectViews>
<connectors>
<Connector class="oracle.dbtools.crest.swingui.logical.TVRelation" oid="0355866C-9B10-D52E-9CC3-C0EF055E1A51" otype="Relation" vid_source="6E267616-70AA-E5F0-2ED0-B6EB555F9277" vid_target="4478BB86-3512-A021-9773-742DAEFD04FA">
<hideElementsInCurrentOnly>false</hideElementsInCurrentOnly>
<backgroundColor>-16777216</backgroundColor>
<lineWidth>1</lineWidth>
<points>
<point x="211" y="151"/>
<point x="211" y="230"/>
</points>
</Connector>
<Connector class="oracle.dbtools.crest.swingui.logical.TVRelation" oid="14D64D40-8CD1-5B2C-EE1E-E425FF32E5B4" otype="Relation" vid_source="6E267616-70AA-E5F0-2ED0-B6EB555F9277" vid_target="D1133669-18FB-E30D-B902-C5A18C02BEEA">
<hideElementsInCurrentOnly>false</hideElementsInCurrentOnly>
<backgroundColor>-16777216</backgroundColor>
<lineWidth>1</lineWidth>
<points>
<point x="322" y="151"/>
<point x="322" y="415"/>
</points>
</Connector>
<Connector class="oracle.dbtools.crest.swingui.logical.TVRelation" oid="1DE9F944-D423-242F-0D13-878A12D10BFD" otype="Relation" vid_source="7561DB73-9651-23EB-214A-CE66D4E82983" vid_target="43FE7166-A988-70F5-DDC5-0A8C311F0198">
<hideElementsInCurrentOnly>false</hideElementsInCurrentOnly>
<backgroundColor>-16777216</backgroundColor>
<lineWidth>1</lineWidth>
<points>
<point x="790" y="328"/>
<point x="518" y="328"/>
</points>
</Connector>
<Connector class="oracle.dbtools.crest.swingui.logical.TVRelation" oid="2EDB0651-3C3A-8CCF-1922-5E667D3F0885" otype="Relation" vid_source="EE926EB9-9EA0-7B1D-5C45-BF9C4A3DD8EB" vid_target="4BBF7D34-2934-31A4-10B8-1F4458BB34EC">
<hideElementsInCurrentOnly>false</hideElementsInCurrentOnly>
<backgroundColor>-16777216</backgroundColor>
<lineWidth>1</lineWidth>
<points>
<point x="771" y="45"/>
<point x="682" y="45"/>
</points>
</Connector>
<Connector class="oracle.dbtools.crest.swingui.logical.TVInheritanceRelation" oid="3ADC2F65-B20D-F0E1-2F78-A02BC400AA39" otype="Hierarchy relation" vid_source="D34D3E4E-0D15-4255-AB47-FE9D08E06534" vid_target="9496836A-1136-FD2E-FDCD-39812766CC41">
<hideElementsInCurrentOnly>false</hideElementsInCurrentOnly>
<backgroundColor>-65536</backgroundColor>
<lineWidth>1</lineWidth>
</Connector>
<Connector class="oracle.dbtools.crest.swingui.logical.TVRelation" oid="4DF11F77-1A8D-5DB7-4EC2-E17C67C090E6" otype="Relation" vid_source="4478BB86-3512-A021-9773-742DAEFD04FA" vid_target="3D2F915B-5C74-AFD4-5EC0-985E3CEB39A0">
<hideElementsInCurrentOnly>false</hideElementsInCurrentOnly>
<backgroundColor>-16777216</backgroundColor>
<lineWidth>1</lineWidth>
<points>
<point x="93" y="230"/>
<point x="93" y="143"/>
</points>
</Connector>
<Connector class="oracle.dbtools.crest.swingui.logical.TVRelation" oid="4FD9A978-A672-5137-D003-56D7B4B59BFD" otype="Relation" vid_source="4478BB86-3512-A021-9773-742DAEFD04FA" vid_target="43FE7166-A988-70F5-DDC5-0A8C311F0198">
<hideElementsInCurrentOnly>false</hideElementsInCurrentOnly>
<backgroundColor>-16777216</backgroundColor>
<lineWidth>1</lineWidth>
<points>
<point x="220" y="297"/>
<point x="289" y="297"/>
</points>
</Connector>
<Connector class="oracle.dbtools.crest.swingui.logical.TVRelation" oid="5D8FA59E-022A-6680-6025-1D0999C124F2" otype="Relation" vid_source="D34D3E4E-0D15-4255-AB47-FE9D08E06534" vid_target="D34D3E4E-0D15-4255-AB47-FE9D08E06534">
<hideElementsInCurrentOnly>false</hideElementsInCurrentOnly>
<backgroundColor>-16777216</backgroundColor>
<lineWidth>1</lineWidth>
<points>
<point x="1019" y="443"/>
<point x="1079" y="443"/>
<point x="1079" y="596"/>
<point x="868" y="596"/>
<point x="868" y="574"/>
</points>
</Connector>
<Connector class="oracle.dbtools.crest.swingui.logical.TVRelation" oid="5E4B43E8-563E-0806-2BA5-B9BA620C7A19" otype="Relation" vid_source="4478BB86-3512-A021-9773-742DAEFD04FA" vid_target="D1133669-18FB-E30D-B902-C5A18C02BEEA">
<hideElementsInCurrentOnly>false</hideElementsInCurrentOnly>
<backgroundColor>-16777216</backgroundColor>
<lineWidth>1</lineWidth>
<points>
<point x="158" y="325"/>
<point x="247" y="415"/>
</points>
</Connector>
<Connector class="oracle.dbtools.crest.swingui.logical.TVRelation" oid="655B8497-1F73-A92F-D8AE-9506B70DA23E" otype="Relation" vid_source="1C476B48-2992-2A9A-02B7-CDAD345AD186" vid_target="D1133669-18FB-E30D-B902-C5A18C02BEEA">
<hideElementsInCurrentOnly>false</hideElementsInCurrentOnly>
<backgroundColor>-16777216</backgroundColor>
<lineWidth>1</lineWidth>
<points>
<point x="203" y="463"/>
<point x="229" y="463"/>
</points>
</Connector>
<Connector class="oracle.dbtools.crest.swingui.logical.TVRelation" oid="76CC2DB6-1067-6878-DD04-2E0F5CE6E9B6" otype="Relation" vid_source="6E267616-70AA-E5F0-2ED0-B6EB555F9277" vid_target="D34D3E4E-0D15-4255-AB47-FE9D08E06534">
<hideElementsInCurrentOnly>false</hideElementsInCurrentOnly>
<backgroundColor>-16777216</backgroundColor>
<lineWidth>1</lineWidth>
<points>
<point x="401" y="151"/>
<point x="578" y="277"/>
</points>
</Connector>
<Connector class="oracle.dbtools.crest.swingui.logical.TVRelation" oid="7B081605-B3F2-67AE-28D8-8041BB76A450" otype="Relation" vid_source="4BBF7D34-2934-31A4-10B8-1F4458BB34EC" vid_target="6E267616-70AA-E5F0-2ED0-B6EB555F9277">
<hideElementsInCurrentOnly>false</hideElementsInCurrentOnly>
<backgroundColor>-16777216</backgroundColor>
<lineWidth>1</lineWidth>
<points>
<point x="464" y="71"/>
<point x="415" y="71"/>
</points>
</Connector>
<Connector class="oracle.dbtools.crest.swingui.logical.TVRelation" oid="9C945C38-6E8B-4062-B131-48E35EADCB57" otype="Relation" vid_source="386B33F3-B68E-FAA5-61F6-B9DC302A76AE" vid_target="D34D3E4E-0D15-4255-AB47-FE9D08E06534">
<hideElementsInCurrentOnly>false</hideElementsInCurrentOnly>
<backgroundColor>-16777216</backgroundColor>
<lineWidth>1</lineWidth>
<points>
<point x="670" y="210"/>
<point x="670" y="277"/>
</points>
</Connector>
<Connector class="oracle.dbtools.crest.swingui.logical.TVRelation" oid="9D0504A9-453C-1ECC-8D7E-13566456C296" otype="Relation" vid_source="6E267616-70AA-E5F0-2ED0-B6EB555F9277" vid_target="43FE7166-A988-70F5-DDC5-0A8C311F0198">
<hideElementsInCurrentOnly>false</hideElementsInCurrentOnly>
<backgroundColor>-16777216</backgroundColor>
<lineWidth>1</lineWidth>
<points>
<point x="352" y="151"/>
<point x="352" y="270"/>
</points>
</Connector>
<Connector class="oracle.dbtools.crest.swingui.logical.TVRelation" oid="A1EDBF87-7670-FD16-10F5-1EAF626E340A" otype="Relation" vid_source="AC48BB73-0D10-645C-2909-BBE4068923F1" vid_target="D34D3E4E-0D15-4255-AB47-FE9D08E06534">
<hideElementsInCurrentOnly>false</hideElementsInCurrentOnly>
<backgroundColor>-16777216</backgroundColor>
<lineWidth>1</lineWidth>
<points>
<point x="924" y="212"/>
<point x="924" y="277"/>
</points>
</Connector>
<Connector class="oracle.dbtools.crest.swingui.logical.TVRelation" oid="BC75AC0A-D051-0EFE-0F94-71E2FF26F37C" otype="Relation" vid_source="D34D3E4E-0D15-4255-AB47-FE9D08E06534" vid_target="D1133669-18FB-E30D-B902-C5A18C02BEEA">
<hideElementsInCurrentOnly>false</hideElementsInCurrentOnly>
<backgroundColor>-16777216</backgroundColor>
<lineWidth>1</lineWidth>
<points>
<point x="556" y="494"/>
<point x="442" y="494"/>
</points>
</Connector>
<Connector class="oracle.dbtools.crest.swingui.logical.TVInheritanceRelation" oid="C90BA125-45B5-4EAF-3B84-9E82B35176FE" otype="Hierarchy relation" vid_source="D34D3E4E-0D15-4255-AB47-FE9D08E06534" vid_target="640B1172-F404-A187-7E39-2E3E8AFC269E">
<hideElementsInCurrentOnly>false</hideElementsInCurrentOnly>
<backgroundColor>-65536</backgroundColor>
<lineWidth>1</lineWidth>
</Connector>
<Connector class="oracle.dbtools.crest.swingui.logical.TVInheritanceRelation" oid="D9638B93-C487-D756-1D9B-22A8C0041FD9" otype="Hierarchy relation" vid_source="D34D3E4E-0D15-4255-AB47-FE9D08E06534" vid_target="7561DB73-9651-23EB-214A-CE66D4E82983">
<hideElementsInCurrentOnly>false</hideElementsInCurrentOnly>
<backgroundColor>-65536</backgroundColor>
<lineWidth>1</lineWidth>
</Connector>
</connectors>
</Diagram>