<?xml version = '1.0' encoding = 'UTF-8'?>
<Entity class="oracle.dbtools.crest.model.design.logical.Entity" directorySegmentName="seg_0" id="0A1FC3B6-E150-4803-A468-CDB6798827CA" name="MEDICO">
<createdBy>fifam</createdBy>
<createdTime>2025-09-11 15:08:51 UTC</createdTime>
<ownerDesignName>centromedico</ownerDesignName>
<engineerTo>
<item key="B8600317-DE96-CC5B-78D6-64A8DFBFDCBA" value="true"/>
</engineerTo>
<adequatelyNormalized>NO</adequatelyNormalized>
<expectedVolumes>0</expectedVolumes>
<fwdEngineeringStrategyName>Single Table</fwdEngineeringStrategyName>
<growthPercent>0</growthPercent>
<growthType>Year</growthType>
<maxVolumes>9999999</maxVolumes>
<minVolumes>0</minVolumes>
<normalForm>Third</normalForm>
<attributes itemClass="oracle.dbtools.crest.model.design.logical.Attribute">
<Attribute name="rut" id="10DF31C8-D8C4-163A-61BE-09909A763FD0">
<createdBy>fifam</createdBy>
<createdTime>2025-09-11 15:17:22 UTC</createdTime>
<ownerDesignName>centromedico</ownerDesignName>
<engineerTo>
<item key="B8600317-DE96-CC5B-78D6-64A8DFBFDCBA" value="true"/>
</engineerTo>
<useDomainConstraints>false</useDomainConstraints>
<use>1</use>
<logicalDatatype>LOGDT024</logicalDatatype>
<dataTypeSize>12</dataTypeSize>
<ownDataTypeParameters>12,,</ownDataTypeParameters>
</Attribute>
<Attribute name="nombre_completo" id="1569820C-E676-6455-20FF-561E44783CE7">
<createdBy>fifam</createdBy>
<createdTime>2025-09-11 15:17:38 UTC</createdTime>
<ownerDesignName>centromedico</ownerDesignName>
<engineerTo>
<item key="B8600317-DE96-CC5B-78D6-64A8DFBFDCBA" value="true"/>
</engineerTo>
<useDomainConstraints>false</useDomainConstraints>
<use>1</use>
<logicalDatatype>LOGDT024</logicalDatatype>
<dataTypeSize>50</dataTypeSize>
<ownDataTypeParameters>50,,</ownDataTypeParameters>
</Attribute>
<Attribute name="fecha_ingreso" id="D1F17E83-465F-AB00-A3DA-69D292FA1A72">
<createdBy>fifam</createdBy>
<createdTime>2025-09-11 15:18:13 UTC</createdTime>
<ownerDesignName>centromedico</ownerDesignName>
<engineerTo>
<item key="B8600317-DE96-CC5B-78D6-64A8DFBFDCBA" value="true"/>
</engineerTo>
<useDomainConstraints>false</useDomainConstraints>
<use>1</use>
<logicalDatatype>LOGDT007</logicalDatatype>
<ownDataTypeParameters>,,</ownDataTypeParameters>
</Attribute>
<Attribute name="rut1" id="09530AB4-A656-A51C-359F-7B11DE993514">
<createdBy>fifam</createdBy>
<createdTime>2025-09-12 00:51:56 UTC</createdTime>
<generatorID>813BCF97-D9F0-3FDE-9ABE-6F19CE38B20A</generatorID>
<ownerDesignName>centromedico</ownerDesignName>
<engineerTo>
<item key="B8600317-DE96-CC5B-78D6-64A8DFBFDCBA" value="true"/>
</engineerTo>
<nullsAllowed>true</nullsAllowed>
<referedAttribute>10DF31C8-D8C4-163A-61BE-09909A763FD0</referedAttribute>
<useDomainConstraints>false</useDomainConstraints>
<use>1</use>
<logicalDatatype>LOGDT024</logicalDatatype>
<dataTypeSize>12</dataTypeSize>
<ownDataTypeParameters>12,,</ownDataTypeParameters>
</Attribute>
<Attribute name="id_especialidad" id="B1C41619-A7B1-61EE-08CF-BB8A28AB83A6">
<createdBy>fifam</createdBy>
<createdTime>2025-09-12 13:58:44 UTC</createdTime>
<generatorID>62EFB0CF-0F40-2E76-34AE-12E6E34BB61C</generatorID>
<ownerDesignName>centromedico</ownerDesignName>
<engineerTo>
<item key="B8600317-DE96-CC5B-78D6-64A8DFBFDCBA" value="true"/>
</engineerTo>
<referedAttribute>094A21BA-A5E9-2A21-85D3-A1BEB7CD4B07</referedAttribute>
<useDomainConstraints>false</useDomainConstraints>
<use>1</use>
<logicalDatatype>LOGDT024</logicalDatatype>
<dataTypeSize>30</dataTypeSize>
<ownDataTypeParameters>,,</ownDataTypeParameters>
</Attribute>
<Attribute name="id_afp" id="1AAEF84A-0E64-9ADE-BEA6-95A589AB4720">
<createdBy>fifam</createdBy>
<createdTime>2025-09-12 14:00:53 UTC</createdTime>
<generatorID>BEBD2FCA-16F7-690A-D1C9-78EF4ABAAA3A</generatorID>
<ownerDesignName>centromedico</ownerDesignName>
<engineerTo>
<item key="B8600317-DE96-CC5B-78D6-64A8DFBFDCBA" value="true"/>
</engineerTo>
<referedAttribute>0FCBD5FC-1B51-51AE-DFC9-F63C2C2FB1F0</referedAttribute>
<useDomainConstraints>false</useDomainConstraints>
<use>1</use>
<logicalDatatype>LOGDT024</logicalDatatype>
<dataTypeSize>50</dataTypeSize>
<ownDataTypeParameters>,,</ownDataTypeParameters>
</Attribute>
<Attribute name="id_institucion" id="01295C20-1495-7615-B064-3FB3F72736F3">
<createdBy>fifam</createdBy>
<createdTime>2025-09-12 14:06:06 UTC</createdTime>
<generatorID>A5FBC82D-148A-9381-A4D4-AD616EFEF7F7</generatorID>
<ownerDesignName>centromedico</ownerDesignName>
<engineerTo>
<item key="B8600317-DE96-CC5B-78D6-64A8DFBFDCBA" value="true"/>
</engineerTo>
<referedAttribute>6BAE0FCF-6E73-9382-DC8D-7D430F74130E</referedAttribute>
<useDomainConstraints>false</useDomainConstraints>
<use>1</use>
<logicalDatatype>LOGDT024</logicalDatatype>
<dataTypeSize>100</dataTypeSize>
<ownDataTypeParameters>,,</ownDataTypeParameters>
</Attribute>
</attributes>
<identifiers itemClass="oracle.dbtools.crest.model.design.logical.CandidateKey">
<identifier id="7AE5E89F-0C30-228F-F244-FC519AFA4425" name="MEDICO PK">
<createdBy>fifam</createdBy>
<createdTime>2025-09-11 15:17:35 UTC</createdTime>
<ownerDesignName>centromedico</ownerDesignName>
<shouldEngineer>false</shouldEngineer>
<engineerTo>
<item key="B8600317-DE96-CC5B-78D6-64A8DFBFDCBA" value="false"/>
</engineerTo>
<pk>true</pk>
<usedAttributes>
<attributeRef>10DF31C8-D8C4-163A-61BE-09909A763FD0</attributeRef>
</usedAttributes>
</identifier>
</identifiers>
</Entity>