<?xml version = '1.0' encoding = 'UTF-8'?>
<Entity class="oracle.dbtools.crest.model.design.logical.Entity" directorySegmentName="seg_0" id="1062751B-CAA4-0AD9-F13B-45AC7A5169F1" name="FICHA_ATENCION">
<createdBy>fifam</createdBy>
<createdTime>2025-09-11 15:10:00 UTC</createdTime>
<ownerDesignName>centromedico</ownerDesignName>
<engineerTo>
<item key="B8600317-DE96-CC5B-78D6-64A8DFBFDCBA" value="true"/>
</engineerTo>
<adequatelyNormalized>NO</adequatelyNormalized>
<expectedVolumes>0</expectedVolumes>
<fwdEngineeringStrategyName>Single Table</fwdEngineeringStrategyName>
<growthPercent>0</growthPercent>
<growthType>Year</growthType>
<maxVolumes>9999999</maxVolumes>
<minVolumes>0</minVolumes>
<normalForm>Third</normalForm>
<attributes itemClass="oracle.dbtools.crest.model.design.logical.Attribute">
<Attribute name="id_ficha" id="D82DA43F-8487-E4F2-5535-6BD8372BEF3B">
<createdBy>fifam</createdBy>
<createdTime>2025-09-11 15:20:55 UTC</createdTime>
<ownerDesignName>centromedico</ownerDesignName>
<engineerTo>
<item key="B8600317-DE96-CC5B-78D6-64A8DFBFDCBA" value="true"/>
</engineerTo>
<useDomainConstraints>false</useDomainConstraints>
<use>1</use>
<logicalDatatype>LOGDT024</logicalDatatype>
<dataTypeSize>30</dataTypeSize>
<ownDataTypeParameters>30,,</ownDataTypeParameters>
</Attribute>
<Attribute name="fecha" id="5C23B4D2-47FF-AEBC-0A72-C53FD77EEFC1">
<createdBy>fifam</createdBy>
<createdTime>2025-09-11 15:21:46 UTC</createdTime>
<ownerDesignName>centromedico</ownerDesignName>
<engineerTo>
<item key="B8600317-DE96-CC5B-78D6-64A8DFBFDCBA" value="true"/>
</engineerTo>
<useDomainConstraints>false</useDomainConstraints>
<use>1</use>
<logicalDatatype>LOGDT007</logicalDatatype>
<ownDataTypeParameters>,,</ownDataTypeParameters>
</Attribute>
<Attribute name="hora" id="FA6F0C2A-B82C-F368-6A36-897A4BBA546B">
<createdBy>fifam</createdBy>
<createdTime>2025-09-11 15:22:01 UTC</createdTime>
<ownerDesignName>centromedico</ownerDesignName>
<engineerTo>
<item key="B8600317-DE96-CC5B-78D6-64A8DFBFDCBA" value="true"/>
</engineerTo>
<useDomainConstraints>false</useDomainConstraints>
<use>1</use>
<logicalDatatype>LOGDT047</logicalDatatype>
<ownDataTypeParameters>,,</ownDataTypeParameters>
</Attribute>
<Attribute name="diagnostico" id="9E098EF3-483E-707D-AE59-B8DFEBB6E203">
<createdBy>fifam</createdBy>
<createdTime>2025-09-11 15:23:48 UTC</createdTime>
<ownerDesignName>centromedico</ownerDesignName>
<engineerTo>
<item key="B8600317-DE96-CC5B-78D6-64A8DFBFDCBA" value="true"/>
</engineerTo>
<useDomainConstraints>false</useDomainConstraints>
<use>1</use>
<logicalDatatype>LOGDT024</logicalDatatype>
<dataTypeSize>100</dataTypeSize>
<ownDataTypeParameters>100,,</ownDataTypeParameters>
</Attribute>
<Attribute name="rut" id="245F0F37-9DD2-D3AD-27E7-789BA6E6BB85">
<createdBy>fifam</createdBy>
<createdTime>2025-09-12 01:28:38 UTC</createdTime>
<generatorID>079F16E5-3A25-4880-9332-FB6D7B4DCC85</generatorID>
<ownerDesignName>centromedico</ownerDesignName>
<engineerTo>
<item key="B8600317-DE96-CC5B-78D6-64A8DFBFDCBA" value="true"/>
</engineerTo>
<referedAttribute>E5D37F44-BC72-C56D-8B97-97B2591EFC48</referedAttribute>
<useDomainConstraints>false</useDomainConstraints>
<use>1</use>
<logicalDatatype>LOGDT024</logicalDatatype>
<dataTypeSize>12</dataTypeSize>
<ownDataTypeParameters>12,,</ownDataTypeParameters>
</Attribute>
<Attribute name="rut1" id="49AD12CD-A027-3E3E-ABD5-505B25DC8457">
<createdBy>fifam</createdBy>
<createdTime>2025-09-12 01:30:54 UTC</createdTime>
<generatorID>0E02017A-525B-FBA5-534F-F3269CF1DA45</generatorID>
<ownerDesignName>centromedico</ownerDesignName>
<engineerTo>
<item key="B8600317-DE96-CC5B-78D6-64A8DFBFDCBA" value="true"/>
</engineerTo>
<referedAttribute>10DF31C8-D8C4-163A-61BE-09909A763FD0</referedAttribute>
<useDomainConstraints>false</useDomainConstraints>
<use>1</use>
<logicalDatatype>LOGDT024</logicalDatatype>
<dataTypeSize>12</dataTypeSize>
<ownDataTypeParameters>12,,</ownDataTypeParameters>
</Attribute>
<Attribute name="id_pago" id="134B60E6-168C-DBBF-A7CA-74CEAF8F0B8E">
<createdBy>fifam</createdBy>
<createdTime>2025-09-12 14:11:26 UTC</createdTime>
<generatorID>D6647B3F-43DE-EFC2-9C3A-33BA8777B5E0</generatorID>
<ownerDesignName>centromedico</ownerDesignName>
<engineerTo>
<item key="B8600317-DE96-CC5B-78D6-64A8DFBFDCBA" value="true"/>
</engineerTo>
<referedAttribute>498FC656-81A6-CEDA-BEF7-FC11110758C6</referedAttribute>
<useDomainConstraints>false</useDomainConstraints>
<use>1</use>
<logicalDatatype>LOGDT024</logicalDatatype>
<dataTypeSize>30</dataTypeSize>
<ownDataTypeParameters>,,</ownDataTypeParameters>
</Attribute>
</attributes>
<identifiers itemClass="oracle.dbtools.crest.model.design.logical.CandidateKey">
<identifier id="ED2CCEA5-E7CF-353B-4E8C-FD1B94AD4E03" name="FICHA_ATENCION PK">
<createdBy>fifam</createdBy>
<createdTime>2025-09-11 15:21:02 UTC</createdTime>
<ownerDesignName>centromedico</ownerDesignName>
<engineerTo>
<item key="B8600317-DE96-CC5B-78D6-64A8DFBFDCBA" value="true"/>
</engineerTo>
<pk>true</pk>
<usedAttributes>
<attributeRef>D82DA43F-8487-E4F2-5535-6BD8372BEF3B</attributeRef>
</usedAttributes>
</identifier>
</identifiers>
</Entity>