<?xml version = '1.0' encoding = 'UTF-8'?>
<Entity class="oracle.dbtools.crest.model.design.logical.Entity" directorySegmentName="seg_0" id="27DAFD7F-BCA5-0AFC-6506-D26A57DFCB55" name="AFP">
<createdBy>fifam</createdBy>
<createdTime>2025-09-11 15:12:06 UTC</createdTime>
<ownerDesignName>centromedico</ownerDesignName>
<engineerTo>
<item key="B8600317-DE96-CC5B-78D6-64A8DFBFDCBA" value="true"/>
</engineerTo>
<adequatelyNormalized>NO</adequatelyNormalized>
<expectedVolumes>0</expectedVolumes>
<fwdEngineeringStrategyName>Single Table</fwdEngineeringStrategyName>
<growthPercent>0</growthPercent>
<growthType>Year</growthType>
<maxVolumes>9999999</maxVolumes>
<minVolumes>0</minVolumes>
<normalForm>Third</normalForm>
<attributes itemClass="oracle.dbtools.crest.model.design.logical.Attribute">
<Attribute name="id_afp" id="0FCBD5FC-1B51-51AE-DFC9-F63C2C2FB1F0">
<createdBy>fifam</createdBy>
<createdTime>2025-09-12 00:35:44 UTC</createdTime>
<ownerDesignName>centromedico</ownerDesignName>
<engineerTo>
<item key="B8600317-DE96-CC5B-78D6-64A8DFBFDCBA" value="true"/>
</engineerTo>
<useDomainConstraints>false</useDomainConstraints>
<use>1</use>
<logicalDatatype>LOGDT024</logicalDatatype>
<dataTypeSize>50</dataTypeSize>
<ownDataTypeParameters>50,,</ownDataTypeParameters>
</Attribute>
<Attribute name="nombre" id="0F5FB186-85D0-D2E0-8508-69978CF527A1">
<createdBy>fifam</createdBy>
<createdTime>2025-09-12 00:36:17 UTC</createdTime>
<ownerDesignName>centromedico</ownerDesignName>
<engineerTo>
<item key="B8600317-DE96-CC5B-78D6-64A8DFBFDCBA" value="true"/>
</engineerTo>
<useDomainConstraints>false</useDomainConstraints>
<use>1</use>
<logicalDatatype>LOGDT024</logicalDatatype>
<dataTypeSize>100</dataTypeSize>
<ownDataTypeParameters>100,,</ownDataTypeParameters>
</Attribute>
</attributes>
<identifiers itemClass="oracle.dbtools.crest.model.design.logical.CandidateKey">
<identifier id="0134ECAE-B847-AFBD-2669-420F5E3622EB" name="AFP PK">
<createdBy>fifam</createdBy>
<createdTime>2025-09-12 00:36:08 UTC</createdTime>
<ownerDesignName>centromedico</ownerDesignName>
<shouldEngineer>false</shouldEngineer>
<engineerTo>
<item key="B8600317-DE96-CC5B-78D6-64A8DFBFDCBA" value="false"/>
</engineerTo>
<pk>true</pk>
<usedAttributes>
<attributeRef>0FCBD5FC-1B51-51AE-DFC9-F63C2C2FB1F0</attributeRef>
</usedAttributes>
</identifier>
</identifiers>
</Entity>