<?xml version = '1.0' encoding = 'UTF-8'?>
<Entity class="oracle.dbtools.crest.model.design.logical.Entity" directorySegmentName="seg_0" id="4B4DE3B4-54BE-2A8D-BCF9-4BA905201915" name="DIRECCION">
<createdBy>fifam</createdBy>
<createdTime>2025-09-12 01:09:50 UTC</createdTime>
<ownerDesignName>centromedico</ownerDesignName>
<engineerTo>
<item key="B8600317-DE96-CC5B-78D6-64A8DFBFDCBA" value="true"/>
</engineerTo>
<adequatelyNormalized>NO</adequatelyNormalized>
<expectedVolumes>0</expectedVolumes>
<fwdEngineeringStrategyName>Single Table</fwdEngineeringStrategyName>
<growthPercent>0</growthPercent>
<growthType>Year</growthType>
<maxVolumes>9999999</maxVolumes>
<minVolumes>0</minVolumes>
<normalForm>Third</normalForm>
<attributes itemClass="oracle.dbtools.crest.model.design.logical.Attribute">
<Attribute name="id_direccion" id="7FDEC99A-0E45-5DBE-619F-26FA8B53F05D">
<createdBy>fifam</createdBy>
<createdTime>2025-09-12 01:10:27 UTC</createdTime>
<ownerDesignName>centromedico</ownerDesignName>
<engineerTo>
<item key="B8600317-DE96-CC5B-78D6-64A8DFBFDCBA" value="true"/>
</engineerTo>
<useDomainConstraints>false</useDomainConstraints>
<use>1</use>
<logicalDatatype>LOGDT024</logicalDatatype>
<dataTypeSize>50</dataTypeSize>
<ownDataTypeParameters>50,,</ownDataTypeParameters>
</Attribute>
<Attribute name="calle" id="4AD065F5-0D8F-B180-540E-4B7DE066B270">
<createdBy>fifam</createdBy>
<createdTime>2025-09-12 01:11:08 UTC</createdTime>
<ownerDesignName>centromedico</ownerDesignName>
<engineerTo>
<item key="B8600317-DE96-CC5B-78D6-64A8DFBFDCBA" value="true"/>
</engineerTo>
<useDomainConstraints>false</useDomainConstraints>
<use>1</use>
<logicalDatatype>LOGDT024</logicalDatatype>
<dataTypeSize>100</dataTypeSize>
<ownDataTypeParameters>100,,</ownDataTypeParameters>
</Attribute>
<Attribute name="numeracion" id="071B6953-38AA-5292-DCE1-CABF2108B7D7">
<createdBy>fifam</createdBy>
<createdTime>2025-09-12 01:11:26 UTC</createdTime>
<ownerDesignName>centromedico</ownerDesignName>
<engineerTo>
<item key="B8600317-DE96-CC5B-78D6-64A8DFBFDCBA" value="true"/>
</engineerTo>
<useDomainConstraints>false</useDomainConstraints>
<use>1</use>
<logicalDatatype>LOGDT024</logicalDatatype>
<dataTypeSize>50</dataTypeSize>
<ownDataTypeParameters>50,,</ownDataTypeParameters>
</Attribute>
<Attribute name="departamento" id="B2546B6E-D734-61DC-83EC-3A01F0123BE4">
<createdBy>fifam</createdBy>
<createdTime>2025-09-12 01:12:34 UTC</createdTime>
<ownerDesignName>centromedico</ownerDesignName>
<engineerTo>
<item key="B8600317-DE96-CC5B-78D6-64A8DFBFDCBA" value="true"/>
</engineerTo>
<useDomainConstraints>false</useDomainConstraints>
<use>1</use>
<logicalDatatype>LOGDT024</logicalDatatype>
<dataTypeSize>50</dataTypeSize>
<ownDataTypeParameters>50,,</ownDataTypeParameters>
</Attribute>
<Attribute name="id_comuna" id="10E7DBB2-0D18-D298-FD9E-4B9F67443A7A">
<createdBy>fifam</createdBy>
<createdTime>2025-09-12 01:14:27 UTC</createdTime>
<generatorID>5958A6F4-9093-8A7B-953B-172D36E89B0D</generatorID>
<ownerDesignName>centromedico</ownerDesignName>
<engineerTo>
<item key="B8600317-DE96-CC5B-78D6-64A8DFBFDCBA" value="true"/>
</engineerTo>
<referedAttribute>74C13ED2-718C-2D36-C3E9-E4C4DACB92E2</referedAttribute>
<useDomainConstraints>false</useDomainConstraints>
<use>1</use>
<logicalDatatype>LOGDT024</logicalDatatype>
<dataTypeSize>30</dataTypeSize>
<ownDataTypeParameters>,,</ownDataTypeParameters>
</Attribute>
<Attribute name="rut" id="B6284018-EAE1-AC3D-3E9C-613E590ABCEC">
<createdBy>fifam</createdBy>
<createdTime>2025-09-12 01:15:29 UTC</createdTime>
<generatorID>517A2F1B-6638-8288-3AC8-CCFEC8D96197</generatorID>
<ownerDesignName>centromedico</ownerDesignName>
<engineerTo>
<item key="B8600317-DE96-CC5B-78D6-64A8DFBFDCBA" value="true"/>
</engineerTo>
<referedAttribute>E5D37F44-BC72-C56D-8B97-97B2591EFC48</referedAttribute>
<useDomainConstraints>false</useDomainConstraints>
<use>1</use>
<logicalDatatype>LOGDT024</logicalDatatype>
<dataTypeSize>12</dataTypeSize>
<ownDataTypeParameters>,,</ownDataTypeParameters>
</Attribute>
</attributes>
<identifiers itemClass="oracle.dbtools.crest.model.design.logical.CandidateKey">
<identifier id="D14CFFC4-A0C8-C706-217A-612CC3A24190" name="DIRECCION PK">
<createdBy>fifam</createdBy>
<createdTime>2025-09-12 01:10:55 UTC</createdTime>
<ownerDesignName>centromedico</ownerDesignName>
<engineerTo>
<item key="B8600317-DE96-CC5B-78D6-64A8DFBFDCBA" value="true"/>
</engineerTo>
<pk>true</pk>
<usedAttributes>
<attributeRef>7FDEC99A-0E45-5DBE-619F-26FA8B53F05D</attributeRef>
</usedAttributes>
</identifier>
</identifiers>
</Entity>