<?xml version = '1.0' encoding = 'UTF-8'?>
<Entity class="oracle.dbtools.crest.model.design.logical.Entity" directorySegmentName="seg_0" id="68EEF167-1F9F-5E57-FE69-BE0903F795B8" name="INSTITUCION_SALUD">
<createdBy>fifam</createdBy>
<createdTime>2025-09-11 15:12:16 UTC</createdTime>
<ownerDesignName>centromedico</ownerDesignName>
<engineerTo>
<item key="B8600317-DE96-CC5B-78D6-64A8DFBFDCBA" value="true"/>
</engineerTo>
<adequatelyNormalized>NO</adequatelyNormalized>
<expectedVolumes>0</expectedVolumes>
<fwdEngineeringStrategyName>Single Table</fwdEngineeringStrategyName>
<growthPercent>0</growthPercent>
<growthType>Year</growthType>
<maxVolumes>9999999</maxVolumes>
<minVolumes>0</minVolumes>
<normalForm>Third</normalForm>
<attributes itemClass="oracle.dbtools.crest.model.design.logical.Attribute">
<Attribute name="id_institucion" id="6BAE0FCF-6E73-9382-DC8D-7D430F74130E">
<createdBy>fifam</createdBy>
<createdTime>2025-09-12 00:37:26 UTC</createdTime>
<ownerDesignName>centromedico</ownerDesignName>
<engineerTo>
<item key="B8600317-DE96-CC5B-78D6-64A8DFBFDCBA" value="true"/>
</engineerTo>
<useDomainConstraints>false</useDomainConstraints>
<use>1</use>
<logicalDatatype>LOGDT024</logicalDatatype>
<dataTypeSize>100</dataTypeSize>
<ownDataTypeParameters>100,,</ownDataTypeParameters>
</Attribute>
<Attribute name="nombre" id="6180D821-7E02-E095-32E9-C80104084A89">
<createdBy>fifam</createdBy>
<createdTime>2025-09-12 00:39:51 UTC</createdTime>
<ownerDesignName>centromedico</ownerDesignName>
<engineerTo>
<item key="B8600317-DE96-CC5B-78D6-64A8DFBFDCBA" value="true"/>
</engineerTo>
<useDomainConstraints>false</useDomainConstraints>
<use>1</use>
<logicalDatatype>LOGDT024</logicalDatatype>
<dataTypeSize>100</dataTypeSize>
<ownDataTypeParameters>100,,</ownDataTypeParameters>
</Attribute>
</attributes>
<identifiers itemClass="oracle.dbtools.crest.model.design.logical.CandidateKey">
<identifier id="9D638C12-6178-FF99-EE52-89A48C63DF82" name="INSTITUCION_SALUD PK">
<createdBy>fifam</createdBy>
<createdTime>2025-09-12 00:38:55 UTC</createdTime>
<ownerDesignName>centromedico</ownerDesignName>
<engineerTo>
<item key="B8600317-DE96-CC5B-78D6-64A8DFBFDCBA" value="true"/>
</engineerTo>
<pk>true</pk>
<usedAttributes>
<attributeRef>6BAE0FCF-6E73-9382-DC8D-7D430F74130E</attributeRef>
</usedAttributes>
</identifier>
</identifiers>
</Entity>