<?xml version = '1.0' encoding = 'UTF-8'?>
<Entity class="oracle.dbtools.crest.model.design.logical.Entity" directorySegmentName="seg_0" id="AA446617-C093-D0C2-C1AD-A0EB5AAD991B" name="PACIENTE">
<createdBy>fifam</createdBy>
<createdTime>2025-09-11 14:09:14 UTC</createdTime>
<ownerDesignName>centromedico</ownerDesignName>
<engineerTo>
<item key="B8600317-DE96-CC5B-78D6-64A8DFBFDCBA" value="true"/>
</engineerTo>
<adequatelyNormalized>NO</adequatelyNormalized>
<expectedVolumes>0</expectedVolumes>
<fwdEngineeringStrategyName>Single Table</fwdEngineeringStrategyName>
<growthPercent>0</growthPercent>
<growthType>Year</growthType>
<maxVolumes>9999999</maxVolumes>
<minVolumes>0</minVolumes>
<normalForm>Third</normalForm>
<attributes itemClass="oracle.dbtools.crest.model.design.logical.Attribute">
<Attribute name="rut" id="E5D37F44-BC72-C56D-8B97-97B2591EFC48">
<createdBy>fifam</createdBy>
<createdTime>2025-09-11 14:19:54 UTC</createdTime>
<ownerDesignName>centromedico</ownerDesignName>
<engineerTo>
<item key="B8600317-DE96-CC5B-78D6-64A8DFBFDCBA" value="true"/>
</engineerTo>
<useDomainConstraints>false</useDomainConstraints>
<use>1</use>
<logicalDatatype>LOGDT024</logicalDatatype>
<dataTypeSize>12</dataTypeSize>
<ownDataTypeParameters>12,,</ownDataTypeParameters>
</Attribute>
<Attribute name="nombre_completo" id="1DBF41D8-B893-F7D9-BC5C-7461AB1F40A7">
<createdBy>fifam</createdBy>
<createdTime>2025-09-11 14:24:13 UTC</createdTime>
<ownerDesignName>centromedico</ownerDesignName>
<engineerTo>
<item key="B8600317-DE96-CC5B-78D6-64A8DFBFDCBA" value="true"/>
</engineerTo>
<useDomainConstraints>false</useDomainConstraints>
<use>1</use>
<logicalDatatype>LOGDT024</logicalDatatype>
<dataTypeSize>100</dataTypeSize>
<ownDataTypeParameters>100,,</ownDataTypeParameters>
</Attribute>
<Attribute name="fecha_nacimiento" id="F3DC1F5B-E8FD-4032-E882-78E7F7919E4E">
<createdBy>fifam</createdBy>
<createdTime>2025-09-11 14:25:43 UTC</createdTime>
<ownerDesignName>centromedico</ownerDesignName>
<engineerTo>
<item key="B8600317-DE96-CC5B-78D6-64A8DFBFDCBA" value="true"/>
</engineerTo>
<useDomainConstraints>false</useDomainConstraints>
<use>1</use>
<logicalDatatype>LOGDT007</logicalDatatype>
<ownDataTypeParameters>,,</ownDataTypeParameters>
</Attribute>
<Attribute name="tipo_usuario" id="EB0D651F-D4B9-6E1F-263E-2F5E5A51A005">
<createdBy>fifam</createdBy>
<createdTime>2025-09-11 14:28:34 UTC</createdTime>
<ownerDesignName>centromedico</ownerDesignName>
<engineerTo>
<item key="B8600317-DE96-CC5B-78D6-64A8DFBFDCBA" value="true"/>
</engineerTo>
<useDomainConstraints>false</useDomainConstraints>
<use>1</use>
<logicalDatatype>LOGDT024</logicalDatatype>
<dataTypeSize>50</dataTypeSize>
<ownDataTypeParameters>50,,</ownDataTypeParameters>
</Attribute>
<Attribute name="telefono" id="A6A61598-7558-B48E-9C99-F5A479B85DF6">
<createdBy>fifam</createdBy>
<createdTime>2025-09-11 14:29:00 UTC</createdTime>
<ownerDesignName>centromedico</ownerDesignName>
<engineerTo>
<item key="B8600317-DE96-CC5B-78D6-64A8DFBFDCBA" value="true"/>
</engineerTo>
<nullsAllowed>true</nullsAllowed>
<useDomainConstraints>false</useDomainConstraints>
<use>1</use>
<logicalDatatype>LOGDT024</logicalDatatype>
<dataTypeSize>50</dataTypeSize>
<ownDataTypeParameters>50,,</ownDataTypeParameters>
</Attribute>
<Attribute name="correo" id="00F3F28F-0A35-3275-9010-CCF82E5D2B26">
<createdBy>fifam</createdBy>
<createdTime>2025-09-12 14:35:59 UTC</createdTime>
<ownerDesignName>centromedico</ownerDesignName>
<engineerTo>
<item key="B8600317-DE96-CC5B-78D6-64A8DFBFDCBA" value="true"/>
</engineerTo>
<nullsAllowed>true</nullsAllowed>
<useDomainConstraints>false</useDomainConstraints>
<use>1</use>
<logicalDatatype>LOGDT024</logicalDatatype>
<dataTypeSize>100</dataTypeSize>
<ownDataTypeParameters>100,,</ownDataTypeParameters>
</Attribute>
<Attribute name="id_direccion" id="63EEAB98-5837-8BF9-2EB7-0B6DF61CB36E">
<createdBy>fifam</createdBy>
<createdTime>2025-09-12 01:15:05 UTC</createdTime>
<generatorID>517A2F1B-6638-8288-3AC8-CCFEC8D96197</generatorID>
<ownerDesignName>centromedico</ownerDesignName>
<engineerTo>
<item key="B8600317-DE96-CC5B-78D6-64A8DFBFDCBA" value="true"/>
</engineerTo>
<referedAttribute>7FDEC99A-0E45-5DBE-619F-26FA8B53F05D</referedAttribute>
<useDomainConstraints>false</useDomainConstraints>
<use>1</use>
<logicalDatatype>LOGDT024</logicalDatatype>
<dataTypeSize>50</dataTypeSize>
<ownDataTypeParameters>50,,</ownDataTypeParameters>
</Attribute>
<Attribute name="id_genero" id="AE6AB0E5-60EA-2CBA-22C6-36C9D364B14B">
<createdBy>fifam</createdBy>
<createdTime>2025-09-12 01:25:30 UTC</createdTime>
<generatorID>1D0215BB-F4E3-4484-3BC5-0DF741DF6F5B</generatorID>
<ownerDesignName>centromedico</ownerDesignName>
<engineerTo>
<item key="B8600317-DE96-CC5B-78D6-64A8DFBFDCBA" value="true"/>
</engineerTo>
<referedAttribute>790090DA-3601-97CB-0331-E015235E9ED5</referedAttribute>
<useDomainConstraints>false</useDomainConstraints>
<use>1</use>
<logicalDatatype>LOGDT024</logicalDatatype>
<dataTypeSize>50</dataTypeSize>
<ownDataTypeParameters>50,,</ownDataTypeParameters>
</Attribute>
</attributes>
<identifiers itemClass="oracle.dbtools.crest.model.design.logical.CandidateKey">
<identifier id="1E03065F-2EC0-BEDC-BC8F-7B871121AE70" name="PACIENTE PK">
<createdBy>fifam</createdBy>
<createdTime>2025-09-11 14:20:10 UTC</createdTime>
<ownerDesignName>centromedico</ownerDesignName>
<shouldEngineer>false</shouldEngineer>
<engineerTo>
<item key="B8600317-DE96-CC5B-78D6-64A8DFBFDCBA" value="false"/>
</engineerTo>
<pk>true</pk>
<usedAttributes>
<attributeRef>E5D37F44-BC72-C56D-8B97-97B2591EFC48</attributeRef>
</usedAttributes>
</identifier>
</identifiers>
</Entity>