<?xml version = '1.0' encoding = 'UTF-8'?>
<Entity class="oracle.dbtools.crest.model.design.logical.Entity" directorySegmentName="seg_0" id="E71A36E9-0913-BF07-FD81-FEF12DCCDFB2" name="SOLICITUD_EXAMEN">
<createdBy>fifam</createdBy>
<createdTime>2025-09-11 15:11:03 UTC</createdTime>
<ownerDesignName>centromedico</ownerDesignName>
<engineerTo>
<item key="B8600317-DE96-CC5B-78D6-64A8DFBFDCBA" value="true"/>
</engineerTo>
<adequatelyNormalized>NO</adequatelyNormalized>
<expectedVolumes>0</expectedVolumes>
<fwdEngineeringStrategyName>Single Table</fwdEngineeringStrategyName>
<growthPercent>0</growthPercent>
<growthType>Year</growthType>
<maxVolumes>9999999</maxVolumes>
<minVolumes>0</minVolumes>
<normalForm>Third</normalForm>
<attributes itemClass="oracle.dbtools.crest.model.design.logical.Attribute">
<Attribute name="id_solicitud_examen" id="241ED573-F26B-30B2-90FC-7AF6B5A36FF9">
<createdBy>fifam</createdBy>
<createdTime>2025-09-12 00:47:22 UTC</createdTime>
<ownerDesignName>centromedico</ownerDesignName>
<engineerTo>
<item key="B8600317-DE96-CC5B-78D6-64A8DFBFDCBA" value="true"/>
</engineerTo>
<useDomainConstraints>false</useDomainConstraints>
<use>1</use>
<logicalDatatype>LOGDT024</logicalDatatype>
<dataTypeSize>50</dataTypeSize>
<ownDataTypeParameters>50,,</ownDataTypeParameters>
</Attribute>
<Attribute name="fecha_solicitud" id="0E92C7A6-12FF-0C29-854B-56F9BF965F02">
<createdBy>fifam</createdBy>
<createdTime>2025-09-12 00:47:59 UTC</createdTime>
<ownerDesignName>centromedico</ownerDesignName>
<engineerTo>
<item key="B8600317-DE96-CC5B-78D6-64A8DFBFDCBA" value="true"/>
</engineerTo>
<useDomainConstraints>false</useDomainConstraints>
<use>1</use>
<logicalDatatype>LOGDT007</logicalDatatype>
<ownDataTypeParameters>,,</ownDataTypeParameters>
</Attribute>
<Attribute name="estado" id="95C0CAD3-76CF-E366-E2A6-705459E304DB">
<createdBy>fifam</createdBy>
<createdTime>2025-09-12 00:48:28 UTC</createdTime>
<ownerDesignName>centromedico</ownerDesignName>
<engineerTo>
<item key="B8600317-DE96-CC5B-78D6-64A8DFBFDCBA" value="true"/>
</engineerTo>
<useDomainConstraints>false</useDomainConstraints>
<use>1</use>
<logicalDatatype>LOGDT024</logicalDatatype>
<dataTypeSize>50</dataTypeSize>
<ownDataTypeParameters>50,,</ownDataTypeParameters>
</Attribute>
<Attribute name="id_ficha" id="53F2F167-E1EF-A5B5-3888-B3D939934202">
<createdBy>fifam</createdBy>
<createdTime>2025-09-12 01:39:12 UTC</createdTime>
<generatorID>A6FF7A63-41A1-AD8C-B423-AF7D6E23A85C</generatorID>
<ownerDesignName>centromedico</ownerDesignName>
<engineerTo>
<item key="B8600317-DE96-CC5B-78D6-64A8DFBFDCBA" value="true"/>
</engineerTo>
<referedAttribute>D82DA43F-8487-E4F2-5535-6BD8372BEF3B</referedAttribute>
<useDomainConstraints>false</useDomainConstraints>
<use>1</use>
<logicalDatatype>LOGDT024</logicalDatatype>
<dataTypeSize>30</dataTypeSize>
<ownDataTypeParameters>,,</ownDataTypeParameters>
</Attribute>
<Attribute name="rut" id="454EC8DB-A316-74AF-D1F9-C708A3666DFE">
<createdBy>fifam</createdBy>
<createdTime>2025-09-12 01:44:23 UTC</createdTime>
<generatorID>ACC6F161-836A-B688-6EEC-7CD6C92FD2C6</generatorID>
<ownerDesignName>centromedico</ownerDesignName>
<engineerTo>
<item key="B8600317-DE96-CC5B-78D6-64A8DFBFDCBA" value="true"/>
</engineerTo>
<referedAttribute>10DF31C8-D8C4-163A-61BE-09909A763FD0</referedAttribute>
<useDomainConstraints>false</useDomainConstraints>
<use>1</use>
<logicalDatatype>LOGDT024</logicalDatatype>
<dataTypeSize>12</dataTypeSize>
<ownDataTypeParameters>,,</ownDataTypeParameters>
</Attribute>
</attributes>
<identifiers itemClass="oracle.dbtools.crest.model.design.logical.CandidateKey">
<identifier id="C7F8130B-E4A6-71E6-11A0-C097198DD5FD" name="SOLICITUD_EXAMEN PK">
<createdBy>fifam</createdBy>
<createdTime>2025-09-12 00:47:48 UTC</createdTime>
<ownerDesignName>centromedico</ownerDesignName>
<engineerTo>
<item key="B8600317-DE96-CC5B-78D6-64A8DFBFDCBA" value="true"/>
</engineerTo>
<pk>true</pk>
<usedAttributes>
<attributeRef>241ED573-F26B-30B2-90FC-7AF6B5A36FF9</attributeRef>
</usedAttributes>
</identifier>
</identifiers>
</Entity>