<?xml version = '1.0' encoding = 'UTF-8'?>
<FKIndexAssociation class="oracle.dbtools.crest.model.design.relational.FKIndexAssociation" directorySegmentName="seg_0" id="0798FDF2-42B6-E747-B079-1E33C12216B7" containerWithKeyObject="C6B05ADA-33C7-4530-4781-B1855F4EE095" localFKIndex="240E5BA8-D457-AA04-870E-A6F55042A699" name="PACIENTE_GENERO_FK">
<createdBy>fifam</createdBy>
<createdTime>2025-09-12 01:45:39 UTC</createdTime>
<generatorID>1D0215BB-F4E3-4484-3BC5-0DF741DF6F5B</generatorID>
<ownerDesignName>centromedico</ownerDesignName>
<referredTableLongName>GENERO</referredTableLongName>
<deleteRule>NO ACTION</deleteRule>
<referredTableID>A99808F7-825C-ACC3-809E-39874ED82C43</referredTableID>
<keyObject>C24A8CED-7ED9-BB64-E602-3E930A655A16</keyObject>
<referredKeyID>C24A8CED-7ED9-BB64-E602-3E930A655A16</referredKeyID>
<mandatory>true</mandatory>
<refColNames>id_genero</refColNames>
<transferable>true</transferable>
<rely>false</rely>
<columnDependencyConstraintGenerateInDDL>true</columnDependencyConstraintGenerateInDDL>
</FKIndexAssociation>