<?xml version = '1.0' encoding = 'UTF-8'?>
<FKIndexAssociation class="oracle.dbtools.crest.model.design.relational.FKIndexAssociation" directorySegmentName="seg_0" id="20754E9D-5E63-5028-9296-760DC245515C" containerWithKeyObject="1DD8336F-33CF-0C0A-87FE-D5B215338895" localFKIndex="A8982319-4674-1256-43E7-3AA2DAE3EB21" name="MEDICO_ESPECIALIDAD_FK">
<createdBy>fifam</createdBy>
<createdTime>2025-09-12 14:17:28 UTC</createdTime>
<generatorID>62EFB0CF-0F40-2E76-34AE-12E6E34BB61C</generatorID>
<ownerDesignName>centromedico</ownerDesignName>
<referredTableLongName>ESPECIALIDAD</referredTableLongName>
<deleteRule>NO ACTION</deleteRule>
<referredTableID>BFAC6896-8488-B8BE-DC4C-087C2E112C9F</referredTableID>
<keyObject>20E22DB0-3EAC-6450-93E1-F94DEE350B41</keyObject>
<referredKeyID>20E22DB0-3EAC-6450-93E1-F94DEE350B41</referredKeyID>
<mandatory>true</mandatory>
<refColNames>id_especialidad</refColNames>
<transferable>true</transferable>
<rely>false</rely>
<columnDependencyConstraintGenerateInDDL>true</columnDependencyConstraintGenerateInDDL>
</FKIndexAssociation>