<?xml version = '1.0' encoding = 'UTF-8'?>
<FKIndexAssociation class="oracle.dbtools.crest.model.design.relational.FKIndexAssociation" directorySegmentName="seg_0" id="243CFC75-515A-53AE-06C2-183A047A52DC" containerWithKeyObject="AE417359-1BF9-7AC1-8CA8-EE5B1DC69866" localFKIndex="9F9F5EB4-6762-F362-42C0-29E4342FE3BE" name="SOLICITUD_EXAMEN_FICHA_ATENCION_FK">
<createdBy>fifam</createdBy>
<createdTime>2025-09-12 01:45:39 UTC</createdTime>
<generatorID>A6FF7A63-41A1-AD8C-B423-AF7D6E23A85C</generatorID>
<ownerDesignName>centromedico</ownerDesignName>
<referredTableLongName>FICHA_ATENCION</referredTableLongName>
<deleteRule>NO ACTION</deleteRule>
<referredTableID>49858CCB-B770-1946-E9BA-0FEED0B1E9C1</referredTableID>
<keyObject>60B34CDA-B5F0-58EF-3F75-46402CD67072</keyObject>
<referredKeyID>60B34CDA-B5F0-58EF-3F75-46402CD67072</referredKeyID>
<mandatory>true</mandatory>
<refColNames>id_ficha</refColNames>
<transferable>true</transferable>
<rely>false</rely>
<columnDependencyConstraintGenerateInDDL>true</columnDependencyConstraintGenerateInDDL>
</FKIndexAssociation>