<?xml version = '1.0' encoding = 'UTF-8'?>
<FKIndexAssociation class="oracle.dbtools.crest.model.design.relational.FKIndexAssociation" directorySegmentName="seg_0" id="2E2A9D2A-30E6-C46E-A84C-EF89A1267187" containerWithKeyObject="92BA7B28-B7C2-5B0D-6C1C-E6BDACA2EEC3" localFKIndex="008A474B-F9FE-321F-3FA4-D19B38B28CA7" name="ESTUDIANTE_PACIENTE_FK">
<createdBy>fifam</createdBy>
<createdTime>2025-09-12 01:45:39 UTC</createdTime>
<generatorID>8C466F24-A89C-4082-F7A0-B8333EE12D04</generatorID>
<ownerDesignName>centromedico</ownerDesignName>
<referredTableLongName>PACIENTE</referredTableLongName>
<arc>F2CDBF08-D99F-3A54-D0F2-48847CD4C55B</arc>
<deleteRule>NO ACTION</deleteRule>
<referredTableID>C6B05ADA-33C7-4530-4781-B1855F4EE095</referredTableID>
<keyObject>C0094598-0102-8250-713E-523911C04639</keyObject>
<referredKeyID>C0094598-0102-8250-713E-523911C04639</referredKeyID>
<mandatory>true</mandatory>
<refColNames>rut</refColNames>
<transferable>true</transferable>
<rely>false</rely>
<columnDependencyConstraintGenerateInDDL>true</columnDependencyConstraintGenerateInDDL>
</FKIndexAssociation>