<?xml version = '1.0' encoding = 'UTF-8'?>
<FKIndexAssociation class="oracle.dbtools.crest.model.design.relational.FKIndexAssociation" directorySegmentName="seg_0" id="4644C7BB-0CC8-3FDA-BCE0-357BC8429F08" containerWithKeyObject="49858CCB-B770-1946-E9BA-0FEED0B1E9C1" localFKIndex="370C5D02-1D75-40EC-EE08-59D5D58EC275" name="FICHA_ATENCION_PACIENTE_FK">
<createdBy>fifam</createdBy>
<createdTime>2025-09-12 01:45:39 UTC</createdTime>
<generatorID>079F16E5-3A25-4880-9332-FB6D7B4DCC85</generatorID>
<ownerDesignName>centromedico</ownerDesignName>
<referredTableLongName>PACIENTE</referredTableLongName>
<deleteRule>NO ACTION</deleteRule>
<referredTableID>C6B05ADA-33C7-4530-4781-B1855F4EE095</referredTableID>
<keyObject>C0094598-0102-8250-713E-523911C04639</keyObject>
<referredKeyID>C0094598-0102-8250-713E-523911C04639</referredKeyID>
<mandatory>true</mandatory>
<refColNames>rut</refColNames>
<transferable>true</transferable>
<rely>false</rely>
<columnDependencyConstraintGenerateInDDL>true</columnDependencyConstraintGenerateInDDL>
</FKIndexAssociation>