<?xml version = '1.0' encoding = 'UTF-8'?>
<FKIndexAssociation class="oracle.dbtools.crest.model.design.relational.FKIndexAssociation" directorySegmentName="seg_0" id="4BBD8792-A0C7-421C-C003-F23F5543561C" containerWithKeyObject="49858CCB-B770-1946-E9BA-0FEED0B1E9C1" localFKIndex="F3B22D4C-F29C-FB75-312C-8975BF222CBE" name="FICHA_ATENCION_PAGO_FK">
<createdBy>fifam</createdBy>
<createdTime>2025-09-12 14:17:28 UTC</createdTime>
<generatorID>D6647B3F-43DE-EFC2-9C3A-33BA8777B5E0</generatorID>
<ownerDesignName>centromedico</ownerDesignName>
<referredTableLongName>PAGO</referredTableLongName>
<deleteRule>NO ACTION</deleteRule>
<referredTableID>9B6FBAB6-2816-E81D-3406-E14ED6531F88</referredTableID>
<keyObject>01389480-0389-1E76-47B6-21C3A0AB4AE2</keyObject>
<referredKeyID>01389480-0389-1E76-47B6-21C3A0AB4AE2</referredKeyID>
<mandatory>true</mandatory>
<refColNames>id_pago</refColNames>
<transferable>true</transferable>
<rely>false</rely>
<columnDependencyConstraintGenerateInDDL>true</columnDependencyConstraintGenerateInDDL>
</FKIndexAssociation>