<?xml version = '1.0' encoding = 'UTF-8'?>
<FKIndexAssociation class="oracle.dbtools.crest.model.design.relational.FKIndexAssociation" directorySegmentName="seg_0" id="5C32677C-5E50-C0C9-B5E4-0468120BD858" containerWithKeyObject="1DD8336F-33CF-0C0A-87FE-D5B215338895" localFKIndex="7E4D787D-35DB-23BC-744D-FF9C7A338BC5" name="MEDICO_INSTITUCION_SALUD_FK">
<createdBy>fifam</createdBy>
<createdTime>2025-09-12 14:17:28 UTC</createdTime>
<generatorID>A5FBC82D-148A-9381-A4D4-AD616EFEF7F7</generatorID>
<ownerDesignName>centromedico</ownerDesignName>
<referredTableLongName>INSTITUCION_SALUD</referredTableLongName>
<deleteRule>NO ACTION</deleteRule>
<referredTableID>A619CD97-04C8-0426-E862-5B3F618B7027</referredTableID>
<keyObject>9C7FF322-5D99-B040-6E3B-A4AD4FAC04DD</keyObject>
<referredKeyID>9C7FF322-5D99-B040-6E3B-A4AD4FAC04DD</referredKeyID>
<mandatory>true</mandatory>
<refColNames>id_institucion</refColNames>
<transferable>true</transferable>
<rely>false</rely>
<columnDependencyConstraintGenerateInDDL>true</columnDependencyConstraintGenerateInDDL>
</FKIndexAssociation>