<?xml version = '1.0' encoding = 'UTF-8'?>
<FKIndexAssociation class="oracle.dbtools.crest.model.design.relational.FKIndexAssociation" directorySegmentName="seg_0" id="5FFF1D33-6C99-D75D-CA15-0B7FA90CADBE" containerWithKeyObject="68A75AD0-8B90-AE37-6B9E-7A8B91AFAEC9" localFKIndex="1ED63FB7-EEE8-1FF2-EC0B-8E11E9CC6680" name="EXTERNO_PACIENTE_FK">
<createdBy>fifam</createdBy>
<createdTime>2025-09-12 01:45:39 UTC</createdTime>
<generatorID>815CD059-794E-51BF-690E-FB4B44F42E86</generatorID>
<ownerDesignName>centromedico</ownerDesignName>
<referredTableLongName>PACIENTE</referredTableLongName>
<arc>F2CDBF08-D99F-3A54-D0F2-48847CD4C55B</arc>
<deleteRule>NO ACTION</deleteRule>
<referredTableID>C6B05ADA-33C7-4530-4781-B1855F4EE095</referredTableID>
<keyObject>C0094598-0102-8250-713E-523911C04639</keyObject>
<referredKeyID>C0094598-0102-8250-713E-523911C04639</referredKeyID>
<mandatory>true</mandatory>
<refColNames>rut</refColNames>
<transferable>true</transferable>
<rely>false</rely>
<columnDependencyConstraintGenerateInDDL>true</columnDependencyConstraintGenerateInDDL>
</FKIndexAssociation>