<?xml version = '1.0' encoding = 'UTF-8'?>
<FKIndexAssociation class="oracle.dbtools.crest.model.design.relational.FKIndexAssociation" directorySegmentName="seg_0" id="81AD6FA9-BF49-71DF-95CB-90EC2A51170C" containerWithKeyObject="16ECF55A-B973-ADC4-66B6-9A52530EB6BF" localFKIndex="5C145DB4-961A-4C6A-24CB-9DB1A5E3325B" name="COMUNA_REGION_FK">
<createdBy>fifam</createdBy>
<createdTime>2025-09-12 01:45:39 UTC</createdTime>
<generatorID>F680AAFA-5663-12B4-0770-7D6D0AA43571</generatorID>
<ownerDesignName>centromedico</ownerDesignName>
<referredTableLongName>REGION</referredTableLongName>
<deleteRule>NO ACTION</deleteRule>
<referredTableID>69890FD1-0992-6E12-F55B-88ECBA5444CF</referredTableID>
<keyObject>82867121-825A-2319-1774-AC686E028FAF</keyObject>
<referredKeyID>82867121-825A-2319-1774-AC686E028FAF</referredKeyID>
<mandatory>true</mandatory>
<refColNames>id_region</refColNames>
<transferable>true</transferable>
<rely>false</rely>
<columnDependencyConstraintGenerateInDDL>true</columnDependencyConstraintGenerateInDDL>
</FKIndexAssociation>