<?xml version = '1.0' encoding = 'UTF-8'?>
<FKIndexAssociation class="oracle.dbtools.crest.model.design.relational.FKIndexAssociation" directorySegmentName="seg_0" id="8E3E66FF-2A88-47C6-8E20-194F066EA0A1" containerWithKeyObject="C6B05ADA-33C7-4530-4781-B1855F4EE095" localFKIndex="B574E7F7-7E44-E4EF-81B7-9DB49EABEE75" name="PACIENTE_DIRECCION_FK">
<createdBy>fifam</createdBy>
<createdTime>2025-09-12 01:45:39 UTC</createdTime>
<generatorID>517A2F1B-6638-8288-3AC8-CCFEC8D96197</generatorID>
<ownerDesignName>centromedico</ownerDesignName>
<referredTableLongName>DIRECCION</referredTableLongName>
<deleteRule>NO ACTION</deleteRule>
<referredTableID>5F09EB94-183C-B005-D878-615DA030DFE3</referredTableID>
<keyObject>60424637-963A-18A8-A5B8-2C6229190369</keyObject>
<referredKeyID>60424637-963A-18A8-A5B8-2C6229190369</referredKeyID>
<mandatory>true</mandatory>
<refColNames>id_direccion</refColNames>
<transferable>true</transferable>
<rely>false</rely>
<columnDependencyConstraintGenerateInDDL>true</columnDependencyConstraintGenerateInDDL>
</FKIndexAssociation>