<?xml version = '1.0' encoding = 'UTF-8'?>
<FKIndexAssociation class="oracle.dbtools.crest.model.design.relational.FKIndexAssociation" directorySegmentName="seg_0" id="914480FC-827B-95C1-00C1-88330242FB6B" containerWithKeyObject="F77BFBFF-3796-2DC1-1A73-DDAD7B17CC24" localFKIndex="FBCF4861-172A-7B42-1D9D-CCF23754C59A" name="EXAMEN_LABORATORIO_SOLICITUD_EXAMEN_FK">
<createdBy>fifam</createdBy>
<createdTime>2025-09-12 01:45:39 UTC</createdTime>
<generatorID>ADFF30EC-A9FE-254A-D8B2-1C2296294128</generatorID>
<ownerDesignName>centromedico</ownerDesignName>
<referredTableLongName>SOLICITUD_EXAMEN</referredTableLongName>
<deleteRule>NO ACTION</deleteRule>
<referredTableID>AE417359-1BF9-7AC1-8CA8-EE5B1DC69866</referredTableID>
<keyObject>1EC5B074-E6D5-5D86-E84D-CD3AD5D5FA1A</keyObject>
<referredKeyID>1EC5B074-E6D5-5D86-E84D-CD3AD5D5FA1A</referredKeyID>
<mandatory>true</mandatory>
<refColNames>id_solicitud_examen</refColNames>
<transferable>true</transferable>
<rely>false</rely>
<columnDependencyConstraintGenerateInDDL>true</columnDependencyConstraintGenerateInDDL>
</FKIndexAssociation>