<?xml version = '1.0' encoding = 'UTF-8'?>
<FKIndexAssociation class="oracle.dbtools.crest.model.design.relational.FKIndexAssociation" directorySegmentName="seg_0" id="91FE8C62-47C0-BAF2-0471-8A4425C47AA8" containerWithKeyObject="49858CCB-B770-1946-E9BA-0FEED0B1E9C1" localFKIndex="3FA4957D-ABCF-B5FD-6D6D-41162BFBDA6D" name="FICHA_ATENCION_MEDICO_FK">
<createdBy>fifam</createdBy>
<createdTime>2025-09-12 01:45:39 UTC</createdTime>
<generatorID>0E02017A-525B-FBA5-534F-F3269CF1DA45</generatorID>
<ownerDesignName>centromedico</ownerDesignName>
<referredTableLongName>MEDICO</referredTableLongName>
<deleteRule>NO ACTION</deleteRule>
<referredTableID>1DD8336F-33CF-0C0A-87FE-D5B215338895</referredTableID>
<keyObject>058F18B9-8828-AAD0-27AC-1AD879238D4E</keyObject>
<referredKeyID>058F18B9-8828-AAD0-27AC-1AD879238D4E</referredKeyID>
<mandatory>true</mandatory>
<refColNames>rut</refColNames>
<transferable>true</transferable>
<rely>false</rely>
<columnDependencyConstraintGenerateInDDL>true</columnDependencyConstraintGenerateInDDL>
</FKIndexAssociation>