<?xml version = '1.0' encoding = 'UTF-8'?>
<FKIndexAssociation class="oracle.dbtools.crest.model.design.relational.FKIndexAssociation" directorySegmentName="seg_0" id="92530764-B9A8-DD52-7932-8F7690F19F43" containerWithKeyObject="9B6FBAB6-2816-E81D-3406-E14ED6531F88" localFKIndex="9B898933-7132-4BB3-7783-CC98DAA130B9" name="PAGO_FICHA_ATENCION_FKv2">
<createdBy>fifam</createdBy>
<createdTime>2025-09-12 14:17:28 UTC</createdTime>
<generatorID>D6647B3F-43DE-EFC2-9C3A-33BA8777B5E0</generatorID>
<ownerDesignName>centromedico</ownerDesignName>
<referredTableLongName>FICHA_ATENCION</referredTableLongName>
<deleteRule>NO ACTION</deleteRule>
<referredTableID>49858CCB-B770-1946-E9BA-0FEED0B1E9C1</referredTableID>
<keyObject>60B34CDA-B5F0-58EF-3F75-46402CD67072</keyObject>
<referredKeyID>60B34CDA-B5F0-58EF-3F75-46402CD67072</referredKeyID>
<mandatory>true</mandatory>
<refColNames>id_ficha</refColNames>
<transferable>true</transferable>
<rely>false</rely>
<columnDependencyConstraintGenerateInDDL>true</columnDependencyConstraintGenerateInDDL>
</FKIndexAssociation>