<?xml version = '1.0' encoding = 'UTF-8'?>
<FKIndexAssociation class="oracle.dbtools.crest.model.design.relational.FKIndexAssociation" directorySegmentName="seg_0" id="C68F51CF-2A8F-D8C6-E2F6-48084E71E589" containerWithKeyObject="5F09EB94-183C-B005-D878-615DA030DFE3" localFKIndex="9F334794-235B-C25F-F72A-89D9B780BCCD" name="DIRECCION_COMUNA_FK">
<createdBy>fifam</createdBy>
<createdTime>2025-09-12 01:45:39 UTC</createdTime>
<generatorID>5958A6F4-9093-8A7B-953B-172D36E89B0D</generatorID>
<ownerDesignName>centromedico</ownerDesignName>
<referredTableLongName>COMUNA</referredTableLongName>
<deleteRule>NO ACTION</deleteRule>
<referredTableID>16ECF55A-B973-ADC4-66B6-9A52530EB6BF</referredTableID>
<keyObject>9C3DF11C-DC69-7FCF-E117-08FC2F24588F</keyObject>
<referredKeyID>9C3DF11C-DC69-7FCF-E117-08FC2F24588F</referredKeyID>
<mandatory>true</mandatory>
<refColNames>id_comuna</refColNames>
<transferable>true</transferable>
<rely>false</rely>
<columnDependencyConstraintGenerateInDDL>true</columnDependencyConstraintGenerateInDDL>
</FKIndexAssociation>