<?xml version = '1.0' encoding = 'UTF-8'?>
<FKIndexAssociation class="oracle.dbtools.crest.model.design.relational.FKIndexAssociation" directorySegmentName="seg_0" id="CB22D71C-2119-5BA5-1AEB-DD1C9BA35016" containerWithKeyObject="B74A1F0A-F640-547A-8533-02D1D32F124A" localFKIndex="57302D57-D2AB-5315-4839-16BC8583797F" name="FUNCIONARIO_PACIENTE_FK">
<createdBy>fifam</createdBy>
<createdTime>2025-09-12 01:45:39 UTC</createdTime>
<generatorID>464AFA56-D765-66C4-44DC-B729393351BC</generatorID>
<ownerDesignName>centromedico</ownerDesignName>
<referredTableLongName>PACIENTE</referredTableLongName>
<arc>F2CDBF08-D99F-3A54-D0F2-48847CD4C55B</arc>
<deleteRule>NO ACTION</deleteRule>
<referredTableID>C6B05ADA-33C7-4530-4781-B1855F4EE095</referredTableID>
<keyObject>C0094598-0102-8250-713E-523911C04639</keyObject>
<referredKeyID>C0094598-0102-8250-713E-523911C04639</referredKeyID>
<mandatory>true</mandatory>
<refColNames>rut</refColNames>
<transferable>true</transferable>
<rely>false</rely>
<columnDependencyConstraintGenerateInDDL>true</columnDependencyConstraintGenerateInDDL>
</FKIndexAssociation>