<?xml version = '1.0' encoding = 'UTF-8'?>
<FKIndexAssociation class="oracle.dbtools.crest.model.design.relational.FKIndexAssociation" directorySegmentName="seg_0" id="CCF90CE3-4C79-C0A2-D0AD-96F624030BD5" containerWithKeyObject="AE417359-1BF9-7AC1-8CA8-EE5B1DC69866" localFKIndex="4D8685F2-6A97-DB60-09F7-04ABA59F0EBD" name="SOLICITUD_EXAMEN_MEDICO_FK">
<createdBy>fifam</createdBy>
<createdTime>2025-09-12 01:45:39 UTC</createdTime>
<generatorID>ACC6F161-836A-B688-6EEC-7CD6C92FD2C6</generatorID>
<ownerDesignName>centromedico</ownerDesignName>
<referredTableLongName>MEDICO</referredTableLongName>
<deleteRule>NO ACTION</deleteRule>
<referredTableID>1DD8336F-33CF-0C0A-87FE-D5B215338895</referredTableID>
<keyObject>058F18B9-8828-AAD0-27AC-1AD879238D4E</keyObject>
<referredKeyID>058F18B9-8828-AAD0-27AC-1AD879238D4E</referredKeyID>
<mandatory>true</mandatory>
<refColNames>rut</refColNames>
<transferable>true</transferable>
<rely>false</rely>
<columnDependencyConstraintGenerateInDDL>true</columnDependencyConstraintGenerateInDDL>
</FKIndexAssociation>