<?xml version = '1.0' encoding = 'UTF-8'?>
<FKIndexAssociation class="oracle.dbtools.crest.model.design.relational.FKIndexAssociation" directorySegmentName="seg_0" id="E5E705E8-A5C8-9C07-0DF0-ECBFE2888D7C" containerWithKeyObject="5F09EB94-183C-B005-D878-615DA030DFE3" localFKIndex="AE47F797-2DE8-2F1B-115C-13CC49E838FA" name="DIRECCION_PACIENTE_FK">
<createdBy>fifam</createdBy>
<createdTime>2025-09-12 14:17:28 UTC</createdTime>
<generatorID>517A2F1B-6638-8288-3AC8-CCFEC8D96197</generatorID>
<ownerDesignName>centromedico</ownerDesignName>
<referredTableLongName>PACIENTE</referredTableLongName>
<deleteRule>NO ACTION</deleteRule>
<referredTableID>C6B05ADA-33C7-4530-4781-B1855F4EE095</referredTableID>
<keyObject>C0094598-0102-8250-713E-523911C04639</keyObject>
<referredKeyID>C0094598-0102-8250-713E-523911C04639</referredKeyID>
<mandatory>true</mandatory>
<refColNames>rut</refColNames>
<transferable>true</transferable>
<rely>false</rely>
<columnDependencyConstraintGenerateInDDL>true</columnDependencyConstraintGenerateInDDL>
</FKIndexAssociation>