<?xml version = '1.0' encoding = 'UTF-8'?>
<FKIndexAssociation class="oracle.dbtools.crest.model.design.relational.FKIndexAssociation" directorySegmentName="seg_0" id="EF9E0EFE-98DB-E97A-819C-2D8E6A4546B3" containerWithKeyObject="1DD8336F-33CF-0C0A-87FE-D5B215338895" localFKIndex="E4DA98DC-88E8-0776-FE6E-85FEAA6D07AD" name="MEDICO_AFP_FK">
<createdBy>fifam</createdBy>
<createdTime>2025-09-12 14:17:28 UTC</createdTime>
<generatorID>BEBD2FCA-16F7-690A-D1C9-78EF4ABAAA3A</generatorID>
<ownerDesignName>centromedico</ownerDesignName>
<referredTableLongName>AFP</referredTableLongName>
<deleteRule>NO ACTION</deleteRule>
<referredTableID>DEA9A475-37B6-E083-3D3F-CB1977971F48</referredTableID>
<keyObject>9CB0C03E-564A-3170-5622-7172830A3F60</keyObject>
<referredKeyID>9CB0C03E-564A-3170-5622-7172830A3F60</referredKeyID>
<mandatory>true</mandatory>
<refColNames>id_afp</refColNames>
<transferable>true</transferable>
<rely>false</rely>
<columnDependencyConstraintGenerateInDDL>true</columnDependencyConstraintGenerateInDDL>
</FKIndexAssociation>