<?xml version = '1.0' encoding = 'UTF-8'?>
<FKIndexAssociation class="oracle.dbtools.crest.model.design.relational.FKIndexAssociation" directorySegmentName="seg_0" id="F21A763B-7580-CBCE-58F0-2ED7FC7274B6" containerWithKeyObject="1DD8336F-33CF-0C0A-87FE-D5B215338895" localFKIndex="B322096A-C2D8-E3AC-B1D2-7D3E84BE5EFD" name="MEDICO_MEDICO_FK">
<createdBy>fifam</createdBy>
<createdTime>2025-09-12 01:45:39 UTC</createdTime>
<generatorID>813BCF97-D9F0-3FDE-9ABE-6F19CE38B20A</generatorID>
<ownerDesignName>centromedico</ownerDesignName>
<referredTableLongName>MEDICO</referredTableLongName>
<deleteRule>NO ACTION</deleteRule>
<referredTableID>1DD8336F-33CF-0C0A-87FE-D5B215338895</referredTableID>
<keyObject>058F18B9-8828-AAD0-27AC-1AD879238D4E</keyObject>
<referredKeyID>058F18B9-8828-AAD0-27AC-1AD879238D4E</referredKeyID>
<mandatory>true</mandatory>
<refColNames>rut</refColNames>
<transferable>true</transferable>
<rely>false</rely>
<columnDependencyConstraintGenerateInDDL>true</columnDependencyConstraintGenerateInDDL>
</FKIndexAssociation>