<?xml version = '1.0' encoding = 'UTF-8'?>
<Relation class="oracle.dbtools.crest.model.design.logical.Relation" name="planta_maquina" directorySegmentName="seg_0" id="0355866C-9B10-D52E-9CC3-C0EF055E1A51">
<createdBy>fifam</createdBy>
<createdTime>2025-10-10 13:57:31 UTC</createdTime>
<ownerDesignName>cristaleria_andina</ownerDesignName>
<engineerTo>
<item key="A563B0B6-0697-605C-0C78-5CEABBFDB7C1" value="true"/>
</engineerTo>
<sourcePk>4EFBB964-5985-60E9-A1EC-F6B91A92CB7A</sourcePk>
<identifying>false</identifying>
<optionalSource>false</optionalSource>
<optionalTarget>false</optionalTarget>
<sourceCardinality>1</sourceCardinality>
<sourceEntity>D90D7F6D-0FAC-2431-114E-A244D3F467EE</sourceEntity>
<targetCardinalityString>*</targetCardinalityString>
<targetEntity>AF8C581D-0EDD-CF4B-1E09-4F247A40F7F3</targetEntity>
<transferable>true</transferable>
<deleteRule>NO ACTION</deleteRule>
</Relation>