<?xml version = '1.0' encoding = 'UTF-8'?>
<Relation class="oracle.dbtools.crest.model.design.logical.Relation" name="planta_asignacion" directorySegmentName="seg_0" id="14D64D40-8CD1-5B2C-EE1E-E425FF32E5B4">
<createdBy>fifam</createdBy>
<createdTime>2025-10-10 14:11:22 UTC</createdTime>
<ownerDesignName>cristaleria_andina</ownerDesignName>
<engineerTo>
<item key="A563B0B6-0697-605C-0C78-5CEABBFDB7C1" value="true"/>
</engineerTo>
<sourcePk>4EFBB964-5985-60E9-A1EC-F6B91A92CB7A</sourcePk>
<identifying>true</identifying>
<optionalSource>false</optionalSource>
<optionalTarget>false</optionalTarget>
<sourceCardinality>1</sourceCardinality>
<sourceEntity>D90D7F6D-0FAC-2431-114E-A244D3F467EE</sourceEntity>
<targetCardinalityString>*</targetCardinalityString>
<targetEntity>B34CCC99-5F6B-852E-4135-931A600A027B</targetEntity>
<transferable>true</transferable>
<deleteRule>NO ACTION</deleteRule>
</Relation>