<?xml version = '1.0' encoding = 'UTF-8'?>
<Relation class="oracle.dbtools.crest.model.design.logical.Relation" name="tecnico_orden" directorySegmentName="seg_0" id="1DE9F944-D423-242F-0D13-878A12D10BFD">
<createdBy>fifam</createdBy>
<createdTime>2025-10-10 14:02:11 UTC</createdTime>
<ownerDesignName>cristaleria_andina</ownerDesignName>
<engineerTo>
<item key="A563B0B6-0697-605C-0C78-5CEABBFDB7C1" value="true"/>
</engineerTo>
<sourcePk>904CCD49-C406-FF4E-F6BB-22175A615E13</sourcePk>
<identifying>false</identifying>
<optionalSource>false</optionalSource>
<optionalTarget>false</optionalTarget>
<sourceCardinality>1</sourceCardinality>
<sourceEntity>AEFF788C-3104-E2A2-009A-66DB95209AA6</sourceEntity>
<targetCardinalityString>*</targetCardinalityString>
<targetEntity>F735F925-3811-0C26-23FC-FCB2DB255CC4</targetEntity>
<transferable>true</transferable>
<deleteRule>NO ACTION</deleteRule>
</Relation>