<?xml version = '1.0' encoding = 'UTF-8'?>
<Relation class="oracle.dbtools.crest.model.design.logical.Relation" name="region_comuna" directorySegmentName="seg_0" id="2EDB0651-3C3A-8CCF-1922-5E667D3F0885">
<createdBy>fifam</createdBy>
<createdTime>2025-10-10 04:31:26 UTC</createdTime>
<ownerDesignName>cristaleria_andina</ownerDesignName>
<engineerTo>
<item key="A563B0B6-0697-605C-0C78-5CEABBFDB7C1" value="true"/>
</engineerTo>
<sourcePk>21C9797F-37D7-CC73-2F6D-36028E72BF51</sourcePk>
<identifying>false</identifying>
<optionalSource>false</optionalSource>
<optionalTarget>false</optionalTarget>
<sourceCardinality>1</sourceCardinality>
<sourceEntity>7858E01B-911A-C8FB-60D8-7AA7063D67CF</sourceEntity>
<targetCardinalityString>*</targetCardinalityString>
<targetEntity>22F9387D-A5C9-0F9F-6CF1-8B41858FE6CE</targetEntity>
<transferable>true</transferable>
<deleteRule>NO ACTION</deleteRule>
</Relation>