<?xml version = '1.0' encoding = 'UTF-8'?>
<Relation class="oracle.dbtools.crest.model.design.logical.Relation" name="maquina_tipomaquina" directorySegmentName="seg_0" id="4DF11F77-1A8D-5DB7-4EC2-E17C67C090E6">
<createdBy>fifam</createdBy>
<createdTime>2025-10-10 13:55:17 UTC</createdTime>
<ownerDesignName>cristaleria_andina</ownerDesignName>
<engineerTo>
<item key="A563B0B6-0697-605C-0C78-5CEABBFDB7C1" value="true"/>
</engineerTo>
<sourcePk>C3E55751-F09C-B65A-BD17-4431ADF1A095</sourcePk>
<identifying>false</identifying>
<optionalSource>true</optionalSource>
<optionalTarget>false</optionalTarget>
<sourceCardinality>1</sourceCardinality>
<sourceEntity>AF8C581D-0EDD-CF4B-1E09-4F247A40F7F3</sourceEntity>
<targetCardinalityString>*</targetCardinalityString>
<targetEntity>2A17CB9A-4787-190C-C0E5-D2AC45E71E25</targetEntity>
<transferable>true</transferable>
<deleteRule>NO ACTION</deleteRule>
</Relation>