<?xml version = '1.0' encoding = 'UTF-8'?>
<Relation class="oracle.dbtools.crest.model.design.logical.Relation" name="maquina_orden" directorySegmentName="seg_0" id="4FD9A978-A672-5137-D003-56D7B4B59BFD">
<createdBy>fifam</createdBy>
<createdTime>2025-10-10 14:00:05 UTC</createdTime>
<ownerDesignName>cristaleria_andina</ownerDesignName>
<engineerTo>
<item key="A563B0B6-0697-605C-0C78-5CEABBFDB7C1" value="true"/>
</engineerTo>
<sourcePk>C3E55751-F09C-B65A-BD17-4431ADF1A095</sourcePk>
<identifying>false</identifying>
<optionalSource>false</optionalSource>
<optionalTarget>false</optionalTarget>
<sourceCardinality>1</sourceCardinality>
<sourceEntity>AF8C581D-0EDD-CF4B-1E09-4F247A40F7F3</sourceEntity>
<targetCardinalityString>*</targetCardinalityString>
<targetEntity>F735F925-3811-0C26-23FC-FCB2DB255CC4</targetEntity>
<transferable>true</transferable>
<deleteRule>NO ACTION</deleteRule>
</Relation>