<?xml version = '1.0' encoding = 'UTF-8'?>
<Relation class="oracle.dbtools.crest.model.design.logical.Relation" name="emplado_empleado" directorySegmentName="seg_0" id="5D8FA59E-022A-6680-6025-1D0999C124F2">
<createdBy>fifam</createdBy>
<createdTime>2025-10-10 13:47:14 UTC</createdTime>
<ownerDesignName>cristaleria_andina</ownerDesignName>
<engineerTo>
<item key="A563B0B6-0697-605C-0C78-5CEABBFDB7C1" value="true"/>
</engineerTo>
<targetPk>904CCD49-C406-FF4E-F6BB-22175A615E13</targetPk>
<identifying>false</identifying>
<optionalSource>true</optionalSource>
<optionalTarget>false</optionalTarget>
<sourceCardinality>1</sourceCardinality>
<sourceEntity>123C7308-3C46-9316-C1AE-991963333937</sourceEntity>
<targetCardinalityString>*</targetCardinalityString>
<targetEntity>123C7308-3C46-9316-C1AE-991963333937</targetEntity>
<transferable>true</transferable>
<deleteRule>NO ACTION</deleteRule>
</Relation>