<?xml version = '1.0' encoding = 'UTF-8'?>
<Relation class="oracle.dbtools.crest.model.design.logical.Relation" name="maquina_asignacion" directorySegmentName="seg_0" id="5E4B43E8-563E-0806-2BA5-B9BA620C7A19">
<createdBy>fifam</createdBy>
<createdTime>2025-10-10 14:06:50 UTC</createdTime>
<ownerDesignName>cristaleria_andina</ownerDesignName>
<engineerTo>
<item key="A563B0B6-0697-605C-0C78-5CEABBFDB7C1" value="true"/>
</engineerTo>
<sourcePk>C3E55751-F09C-B65A-BD17-4431ADF1A095</sourcePk>
<identifying>true</identifying>
<optionalSource>false</optionalSource>
<optionalTarget>false</optionalTarget>
<sourceCardinality>1</sourceCardinality>
<sourceEntity>AF8C581D-0EDD-CF4B-1E09-4F247A40F7F3</sourceEntity>
<targetCardinalityString>*</targetCardinalityString>
<targetEntity>B34CCC99-5F6B-852E-4135-931A600A027B</targetEntity>
<transferable>true</transferable>
<deleteRule>NO ACTION</deleteRule>
</Relation>