<?xml version = '1.0' encoding = 'UTF-8'?>
<Relation class="oracle.dbtools.crest.model.design.logical.Relation" name="turno_asignacion" directorySegmentName="seg_0" id="655B8497-1F73-A92F-D8AE-9506B70DA23E">
<createdBy>fifam</createdBy>
<createdTime>2025-10-10 14:05:29 UTC</createdTime>
<ownerDesignName>cristaleria_andina</ownerDesignName>
<engineerTo>
<item key="A563B0B6-0697-605C-0C78-5CEABBFDB7C1" value="true"/>
</engineerTo>
<sourcePk>4962B274-80B8-38FC-9DD2-800095F5256D</sourcePk>
<identifying>true</identifying>
<optionalSource>false</optionalSource>
<optionalTarget>false</optionalTarget>
<sourceCardinality>1</sourceCardinality>
<sourceEntity>8D1F5A10-63DF-982D-F2FE-B0DBFF802FD3</sourceEntity>
<targetCardinalityString>*</targetCardinalityString>
<targetEntity>B34CCC99-5F6B-852E-4135-931A600A027B</targetEntity>
<transferable>true</transferable>
<deleteRule>NO ACTION</deleteRule>
</Relation>