<?xml version = '1.0' encoding = 'UTF-8'?>
<Relation class="oracle.dbtools.crest.model.design.logical.Relation" name="planta_empleado" directorySegmentName="seg_0" id="76CC2DB6-1067-6878-DD04-2E0F5CE6E9B6">
<createdBy>fifam</createdBy>
<createdTime>2025-10-10 04:36:45 UTC</createdTime>
<ownerDesignName>cristaleria_andina</ownerDesignName>
<engineerTo>
<item key="A563B0B6-0697-605C-0C78-5CEABBFDB7C1" value="true"/>
</engineerTo>
<sourcePk>4EFBB964-5985-60E9-A1EC-F6B91A92CB7A</sourcePk>
<identifying>false</identifying>
<optionalSource>false</optionalSource>
<optionalTarget>false</optionalTarget>
<sourceCardinality>1</sourceCardinality>
<sourceEntity>D90D7F6D-0FAC-2431-114E-A244D3F467EE</sourceEntity>
<targetCardinalityString>*</targetCardinalityString>
<targetEntity>123C7308-3C46-9316-C1AE-991963333937</targetEntity>
<transferable>true</transferable>
<deleteRule>NO ACTION</deleteRule>
</Relation>