<?xml version = '1.0' encoding = 'UTF-8'?>
<Relation class="oracle.dbtools.crest.model.design.logical.Relation" name="comuna_planta" directorySegmentName="seg_0" id="7B081605-B3F2-67AE-28D8-8041BB76A450">
<createdBy>fifam</createdBy>
<createdTime>2025-10-10 13:37:21 UTC</createdTime>
<ownerDesignName>cristaleria_andina</ownerDesignName>
<engineerTo>
<item key="A563B0B6-0697-605C-0C78-5CEABBFDB7C1" value="true"/>
</engineerTo>
<sourcePk>DB2A76C4-94B3-0E8C-1CA5-1EE521AFC8AE</sourcePk>
<identifying>true</identifying>
<optionalSource>false</optionalSource>
<optionalTarget>false</optionalTarget>
<sourceCardinality>1</sourceCardinality>
<sourceEntity>22F9387D-A5C9-0F9F-6CF1-8B41858FE6CE</sourceEntity>
<targetCardinalityString>*</targetCardinalityString>
<targetEntity>D90D7F6D-0FAC-2431-114E-A244D3F467EE</targetEntity>
<transferable>true</transferable>
<deleteRule>NO ACTION</deleteRule>
</Relation>