<?xml version = '1.0' encoding = 'UTF-8'?>
<Relation class="oracle.dbtools.crest.model.design.logical.Relation" name="afp_empleado" directorySegmentName="seg_0" id="9C945C38-6E8B-4062-B131-48E35EADCB57">
<createdBy>fifam</createdBy>
<createdTime>2025-10-10 13:43:26 UTC</createdTime>
<ownerDesignName>cristaleria_andina</ownerDesignName>
<engineerTo>
<item key="A563B0B6-0697-605C-0C78-5CEABBFDB7C1" value="true"/>
</engineerTo>
<sourcePk>4E85E8A9-DAB0-F2C1-EE6D-D9F64ED12EA0</sourcePk>
<identifying>false</identifying>
<optionalSource>true</optionalSource>
<optionalTarget>false</optionalTarget>
<sourceCardinality>1</sourceCardinality>
<sourceEntity>C41F7820-FE74-129B-3950-AF4BCA73513B</sourceEntity>
<targetCardinalityString>*</targetCardinalityString>
<targetEntity>123C7308-3C46-9316-C1AE-991963333937</targetEntity>
<transferable>true</transferable>
<deleteRule>NO ACTION</deleteRule>
</Relation>