<?xml version = '1.0' encoding = 'UTF-8'?>
<Relation class="oracle.dbtools.crest.model.design.logical.Relation" name="planta_orden" directorySegmentName="seg_0" id="9D0504A9-453C-1ECC-8D7E-13566456C296">
<createdBy>fifam</createdBy>
<createdTime>2025-10-10 14:12:30 UTC</createdTime>
<ownerDesignName>cristaleria_andina</ownerDesignName>
<engineerTo>
<item key="A563B0B6-0697-605C-0C78-5CEABBFDB7C1" value="true"/>
</engineerTo>
<sourcePk>4EFBB964-5985-60E9-A1EC-F6B91A92CB7A</sourcePk>
<identifying>true</identifying>
<optionalSource>false</optionalSource>
<optionalTarget>false</optionalTarget>
<sourceCardinality>1</sourceCardinality>
<sourceEntity>D90D7F6D-0FAC-2431-114E-A244D3F467EE</sourceEntity>
<targetCardinalityString>*</targetCardinalityString>
<targetEntity>F735F925-3811-0C26-23FC-FCB2DB255CC4</targetEntity>
<transferable>true</transferable>
<deleteRule>NO ACTION</deleteRule>
</Relation>