<?xml version = '1.0' encoding = 'UTF-8'?>
<Relation class="oracle.dbtools.crest.model.design.logical.Relation" name="salud_empleado" directorySegmentName="seg_0" id="A1EDBF87-7670-FD16-10F5-1EAF626E340A">
<createdBy>fifam</createdBy>
<createdTime>2025-10-10 13:43:52 UTC</createdTime>
<ownerDesignName>cristaleria_andina</ownerDesignName>
<engineerTo>
<item key="A563B0B6-0697-605C-0C78-5CEABBFDB7C1" value="true"/>
</engineerTo>
<sourcePk>F9C2CFBE-CE99-7928-91EC-C0717CF0D275</sourcePk>
<identifying>false</identifying>
<optionalSource>true</optionalSource>
<optionalTarget>false</optionalTarget>
<sourceCardinality>1</sourceCardinality>
<sourceEntity>EBDFC2A5-3DAB-D986-5EC4-949FD16345DC</sourceEntity>
<targetCardinalityString>*</targetCardinalityString>
<targetEntity>123C7308-3C46-9316-C1AE-991963333937</targetEntity>
<transferable>true</transferable>
<deleteRule>NO ACTION</deleteRule>
</Relation>