<?xml version = '1.0' encoding = 'UTF-8'?>
<Relation class="oracle.dbtools.crest.model.design.logical.Relation" name="emplado_asigancionturnos" directorySegmentName="seg_0" id="BC75AC0A-D051-0EFE-0F94-71E2FF26F37C">
<createdBy>fifam</createdBy>
<createdTime>2025-10-10 14:04:10 UTC</createdTime>
<ownerDesignName>cristaleria_andina</ownerDesignName>
<engineerTo>
<item key="A563B0B6-0697-605C-0C78-5CEABBFDB7C1" value="true"/>
</engineerTo>
<sourcePk>904CCD49-C406-FF4E-F6BB-22175A615E13</sourcePk>
<identifying>false</identifying>
<optionalSource>false</optionalSource>
<optionalTarget>false</optionalTarget>
<sourceCardinality>1</sourceCardinality>
<sourceEntity>123C7308-3C46-9316-C1AE-991963333937</sourceEntity>
<targetCardinalityString>*</targetCardinalityString>
<targetEntity>B34CCC99-5F6B-852E-4135-931A600A027B</targetEntity>
<transferable>true</transferable>
<deleteRule>NO ACTION</deleteRule>
</Relation>